"EQ_ID","Data_Date","CR_ID","EQ_NO","Reading_Time","Reading_Value","Working_Flow","Standard_Flow","Working_Sum","Pressure","Temperature","Standard_Sum","TENANT_ID"
"201903262240375250103803451151","2019/3/27 13:59:01","19032714042557886392","1809026510250375","2019/3/27 13:59:01","0","0","0","0","157.836","19.5","13173","0253"
"201903262240375250103803451151","2019/3/27 16:00:27","19032716054957889528","1809026510250375","2019/3/27 16:00:27","0","0","0","0","156.7735","20.375","13186","0253"
"201903262240375250103803451151","2019/3/28 07:00:29","19032807055458393070","1809026510250375","2019/3/28 07:00:29","0","9.09","14.2677","0","157.4922","17.4375","13294","0253"
"201903262240375250103803451151","2019/3/28 16:00:27","19032816055158407422","1809026510250375","2019/3/28 16:00:27","0","0","0","0","164.75","16.75","13361","0253"
"201903262240375250103803451151","2019/3/29 07:00:25","19032907054958876215","1809026510250375","2019/3/29 07:00:25","0","0","0","0","157.7344","15","13481","0253"
"201903262240375250103803451151","2019/3/29 16:00:27","19032916055058892456","1809026510250375","2019/3/29 16:00:27","0","9.72","15.1111","0","156.5391","18.5","13581","0253"
"201903262240375250103803451151","2019/3/30 07:00:27","19033007055059362595","1809026510250375","2019/3/30 07:00:27","0","0","0","0","167.5235","15.1875","13739","0253"
"201903262240375250103803451151","2019/3/30 16:00:43","19033016060559374527","1809026510250375","2019/3/30 16:00:43","0","0","0","0","172.6485","21.375","13739","0253"
"201903262240375250103803451151","2019/3/31 07:00:29","19033107055159844139","1809026510250375","2019/3/31 07:00:29","0","0","0","0","166.8672","15.9375","13739","0253"
"201903262240375250103803451151","2019/3/31 16:00:25","19033116054759857180","1809026510250375","2019/3/31 16:00:25","0","0","0","0","167.1719","14.0625","13739","0253"
"201903262240375250103803451151","2019/4/1 07:00:27","19040107054960326206","1809026510250375","2019/4/1 07:00:27","0","0","0","0","168.5157","11.1875","13739","0253"
"201903262240375250103803451151","2019/4/1 16:00:29","19040116055160338528","1809026510250375","2019/4/1 16:00:29","0","28.43","43.9808","0","157.8985","21.9375","13869","0253"
"201903262240375250103803451151","2019/4/2 07:00:31","19040207054860808062","1809026510250375","2019/4/2 07:00:31","0","11.45","18.49","0","159.1641","12.75","14112","0253"
"201903262240375250103803451151","2019/4/2 16:00:27","19040216054260821706","1809026510250375","2019/4/2 16:00:27","0","0","0","0","159.1641","14.875","14182","0253"
"201903262240375250103803451151","2019/4/3 07:00:27","19040307054461291529","1809026510250375","2019/4/3 07:00:27","0","0","0","0","167.7188","12.6875","14223","0253"
"201903262240375250103803451151","2019/4/3 16:00:27","19040316054261308088","1809026510250375","2019/4/3 16:00:27","0","0","0","0","158.7969","14.125","14274","0253"
"201903262240375250103803451151","2019/4/4 07:00:35","19040407055161781762","1809026510250375","2019/4/4 07:00:35","0","0","0","0","167.711","13.875","14326","0253"
"201903262240375250103803451151","2019/4/4 16:00:29","19040416054561796741","1809026510250375","2019/4/4 16:00:29","0","0","0","0","159.5782","13.9375","14445","0253"
"201903262240375250103803451151","2019/4/5 07:00:31","19040507054662273168","1809026510250375","2019/4/5 07:00:31","0","9.4","15.0806","0","158.9688","14.0625","14506","0253"
"201903262240375250103803451151","2019/4/5 16:00:29","19040516054362285675","1809026510250375","2019/4/5 16:00:29","0","0","0","0","157.8907","22.875","14581","0253"
"201903262240375250103803451151","2019/4/6 07:00:27","19040607054262761852","1809026510250375","2019/4/6 07:00:27","0","0","0","0","167.9219","15.875","14624","0253"
"201903262240375250103803451151","2019/4/6 16:00:27","19040616054162773604","1809026510250375","2019/4/6 16:00:27","0","0","0","0","163.9219","24.8125","14707","0253"
"201903262240375250103803451151","2019/4/7 07:00:33","19040707054763246887","1809026510250375","2019/4/7 07:00:33","0","0","0","0","158.0157","17.0625","14746","0253"
"201903262240375250103803451151","2019/4/7 16:00:27","19040716054163258801","1809026510250375","2019/4/7 16:00:27","0","0","0","0","155.9532","28.5625","14813","0253"
"201903262240375250103803451151","2019/4/8 07:00:25","19040807053763725702","1809026510250375","2019/4/8 07:00:25","0","8.45","13.2123","0","157.8516","19.1875","14854","0253"
"201903262240375250103803451151","2019/4/8 16:00:25","19040816053863738594","1809026510250375","2019/4/8 16:00:25","0","0","0","0","160.9375","31.375","14919","0253"
"201903262240375250103803451151","2019/4/9 07:00:29","19040907054264137394","1809026510250375","2019/4/9 07:00:29","0","8.72","13.3179","0","156.2422","23.1875","14965","0253"
"201903262240375250103803451151","2019/4/9 16:00:27","19040916053964150295","1809026510250375","2019/4/9 16:00:27","0","0","0","0","161.2578","31.4375","15033","0253"
"201903262240375250103803451151","2019/4/10 07:00:27","19041007053964661687","1809026510250375","2019/4/10 07:00:27","0","0","0","0","158.2657","16.1875","15128","0253"
"201903262240375250103803451151","2019/4/10 16:00:29","19041016054164676471","1809026510250375","2019/4/10 16:00:29","0","0","0","0","165.375","16.9375","15193","0253"
"201903262240375250103803451151","2019/4/11 07:00:25","19041107053665155177","1809026510250375","2019/4/11 07:00:25","0","0","0","0","158.2032","13.0625","15284","0253"
"201903262240375250103803451151","2019/4/11 16:00:57","19041116060865169435","1809026510250375","2019/4/11 16:00:57","0","6.47","10.3014","0","157.7422","14.1875","15341","0253"
"201903262240375250103803451151","2019/4/12 07:00:27","19041207063865648699","1809026510250375","2019/4/12 07:00:27","0","7.34","11.9049","0","158.9063","13.25","15445","0253"
"201903262240375250103803451151","2019/4/12 16:00:27","19041216063865661222","1809026510250375","2019/4/12 16:00:27","0","0","0","0","157.1407","20.125","15497","0253"
"201903262240375250103803451151","2019/4/13 07:00:27","19041307063766139936","1809026510250375","2019/4/13 07:00:27","0","0","0","0","165.4141","15.375","15607","0253"
"201903262240375250103803451151","2019/4/13 16:00:25","19041316063566152440","1809026510250375","2019/4/13 16:00:25","0","9.59","14.9839","0","163.3672","18.8125","15700","0253"
"201903262240375250103803451151","2019/4/14 07:00:25","19041407063366637227","1809026510250375","2019/4/14 07:00:25","0","0","0","0","158.336","17.1875","15793","0253"
"201903262240375250103803451151","2019/4/14 16:00:27","19041416063766650283","1809026510250375","2019/4/14 16:00:27","0","9.73","15.1504","0","157.5703","20","15875","0253"
"201903262240375250103803451151","2019/4/15 07:00:25","19041507063467127836","1809026510250375","2019/4/15 07:00:25","0","11.15","17.7473","0","158.3282","15.3125","16015","0253"
"201903262240375250103803451151","2019/4/15 16:00:29","19041516063867141983","1809026510250375","2019/4/15 16:00:29","0","7.46","11.4012","0","161.0235","23.1875","16103","0253"
"201903262240375250103803451151","2019/4/16 07:00:25","19041607063367620105","1809026510250375","2019/4/16 07:00:25","0","6.77","10.7372","0","158.1875","16.5625","16212","0253"
"201903262240375250103803451151","2019/4/16 16:00:29","19041616063767635433","1809026510250375","2019/4/16 16:00:29","0","6.16","9.6544","0","156.8516","17.3125","16270","0253"
"201903262240375250103803451151","2019/4/17 07:00:33","19041707064068120633","1809026510250375","2019/4/17 07:00:33","0","0","0","0","157.7266","15.25","16373","0253"
"201903262240375250103803451151","2019/4/17 16:00:25","19041716063268137722","1809026510250375","2019/4/17 16:00:25","0","8.06","12.1735","0","160.0078","25.5625","16438","0253"
"201903262240375250103803451151","2019/4/18 07:00:25","19041807063068626211","1809026510250375","2019/4/18 07:00:25","0","7.8","12.1984","0","157.1641","17.625","16529","0253"
"201903262240375250103803451151","2019/4/18 16:00:27","19041816063468638586","1809026510250375","2019/4/18 16:00:27","0","10.37","15.3831","0","154.6563","29.3125","16595","0253"
"201903262240375250103803451151","2019/4/19 07:00:25","19041907063169129720","1809026510250375","2019/4/19 07:00:25","0","10.18","15.7022","0","156.5469","20.5625","16746","0253"
"201903262240375250103803451151","2019/4/19 16:00:27","19041916063369141692","1809026510250375","2019/4/19 16:00:27","0","8.15","12.3311","0","155.6953","25.1875","16825","0253"
"201903262240375250103803451151","2019/4/20 07:00:27","19042007063269576938","1809026510250375","2019/4/20 07:00:27","0","0","0","0","156.4844","20.625","16928","0253"
"201903262240375250103803451151","2019/4/20 16:00:33","19042016063869589102","1809026510250375","2019/4/20 16:00:33","0","0","0","0","155.3672","28.875","16987","0253"
"201903262240375250103803451151","2019/4/21 07:00:25","19042107063070026972","1809026510250375","2019/4/21 07:00:25","0","0","0","0","156.7344","23.375","17085","0253"
"201903262240375250103803451151","2019/4/21 16:00:27","19042116063170041831","1809026510250375","2019/4/21 16:00:27","0","0","0","0","159.1328","29.875","17142","0253"
"201903262240375250103803451151","2019/4/22 07:00:27","19042207063170481524","1809026510250375","2019/4/22 07:00:27","0","6.45","9.9095","0","157.0078","23.1875","17262","0253"
"201903262240375250103803451151","2019/4/22 16:00:27","19042216062970494709","1809026510250375","2019/4/22 16:00:27","0","0","0","0","156.211","25.875","17340","0253"
"201903262240375250103803451151","2019/4/23 07:00:25","19042307062870933223","1809026510250375","2019/4/23 07:00:25","0","0","0","0","163.1172","23.8125","17441","0253"
"201903262240375250103803451151","2019/4/23 16:00:27","19042316063070949732","1809026510250375","2019/4/23 16:00:27","0","6.24","9.3176","0","155.6797","29","17552","0253"
"201903262240375250103803451151","2019/4/24 07:00:27","19042407062871386466","1809026510250375","2019/4/24 07:00:27","0","8.21","12.5864","0","156.5703","22.6875","17688","0253"
"201903262240375250103803451151","2019/4/24 16:00:33","19042416063671400299","1809026510250375","2019/4/24 16:00:33","0","7.73","11.79","0","156.086","23.3125","17758","0253"
"201903262240375250103803451151","2019/4/25 07:00:27","19042507062771806111","1809026510250375","2019/4/25 07:00:27","0","7.99","12.3474","0","157.125","21.4375","17876","0253"
"201903262240375250103803451151","2019/4/25 16:00:31","19042516063271819625","1809026510250375","2019/4/25 16:00:31","0","0","0","0","165.6328","23.75","17929","0253"
"201903262240375250103803451151","2019/4/26 07:00:27","19042607062772270290","1809026510250375","2019/4/26 07:00:27","0","0","0","0","156.6328","21.75","18034","0253"
"201903262240375250103803451151","2019/4/26 16:00:29","19042616062972283963","1809026510250375","2019/4/26 16:00:29","0","0","0","0","155.5391","28.1875","18102","0253"
"201903262240375250103803451151","2019/4/27 07:00:39","19042707063872727905","1809026510250375","2019/4/27 07:00:39","0","0","0","0","164.8907","16.875","18208","0253"
"201903262240375250103803451151","2019/4/27 16:00:27","19042716062772739534","1809026510250375","2019/4/27 16:00:27","0","0","0","0","163.8907","20.6875","18274","0253"
"201903262240375250103803451151","2019/4/28 07:00:25","19042807062473183209","1809026510250375","2019/4/28 07:00:25","0","0","0","0","157.4297","18.625","18366","0253"
"201903262240375250103803451151","2019/4/28 16:00:33","19042816064773199415","1809026510250375","2019/4/28 16:00:33","0","0","0","0","157.5","23.9375","18434","0253"
"201903262240375250103803451151","2019/4/29 07:00:27","19042907064373643461","1809026510250375","2019/4/29 07:00:27","0","0","0","0","164.6016","21.1875","18524","0253"
"201903262240375250103803451151","2019/4/29 16:00:29","19042916064473656945","1809026510250375","2019/4/29 16:00:29","0","0","0","0","160","22.6875","18591","0253"
"201903262240375250103803451151","2019/4/30 07:00:31","19043007064674100983","1809026510250375","2019/4/30 07:00:31","0","9.24","14.5088","0","157.5547","17.6875","18683","0253"
"201903262240375250103803451151","2019/4/30 16:00:33","19043016064774118249","1809026510250375","2019/4/30 16:00:33","0","0","0","0","166.0703","19.0625","18730","0253"
"201903262240375250103803451151","2019/5/1 07:00:27","19050107064274560852","1809026510250375","2019/5/1 07:00:27","0","0","0","0","167.8594","17.75","18730","0253"
"201903262240375250103803451151","2019/5/1 16:00:33","19050116064674573493","1809026510250375","2019/5/1 16:00:33","0","0","0","0","172.2344","24.125","18730","0253"
"201903262240375250103803451151","2019/5/2 07:00:29","19050207064175017028","1809026510250375","2019/5/2 07:00:29","0","0","0","0","168.2969","19.875","18730","0253"
"201903262240375250103803451151","2019/5/2 16:00:29","19050216064275030323","1809026510250375","2019/5/2 16:00:29","0","0","0","0","171.4219","24.625","18730","0253"
"201903262240375250103803451151","2019/5/3 07:00:27","19050307064075481039","1809026510250375","2019/5/3 07:00:27","0","7.07","11.1812","0","158.9375","18","18733","0253"
"201903262240375250103803451151","2019/5/3 16:00:25","19050316063675492610","1809026510250375","2019/5/3 16:00:25","0","0","0","0","157.875","27.8125","18810","0253"
"201903262240375250103803451151","2019/5/4 07:00:25","19050407063575938520","1809026510250375","2019/5/4 07:00:25","0","0","0","0","159.3203","19.4375","18911","0253"
"201903262240375250103803451151","2019/5/4 16:00:25","19050416063775950372","1809026510250375","2019/5/4 16:00:25","0","0","0","0","161.25","28.625","18974","0253"
"201903262240375250103803451151","2019/5/5 07:00:27","19050507063876395250","1809026510250375","2019/5/5 07:00:27","0","6.21","9.7607","0","161.6563","18.8125","19061","0253"
"201903262240375250103803451151","2019/5/5 16:00:27","19050516063876407823","1809026510250375","2019/5/5 16:00:27","0","0","0","0","163.3985","28.5","19110","0253"
"201903262240375250103803451151","2019/5/6 07:00:25","19050607063676850050","1809026510250375","2019/5/6 07:00:25","0","6.72","10.4643","0","158.1875","21.6875","19215","0253"
"201903262240375250103803451151","2019/5/6 16:00:29","19050616063976860338","1809026510250375","2019/5/6 16:00:29","0","13.57","20.8001","0","157.0469","23.75","19419","0253"
"201903262240375250103803451151","2019/5/7 07:00:25","19050707063377314359","1809026510250375","2019/5/7 07:00:25","0","29.17","46.1598","0","158.9922","17.6875","19552","0253"
"201903262240375250103803451151","2019/5/7 16:00:25","19050716063477329650","1809026510250375","2019/5/7 16:00:25","0","9.2","14.1666","0","162.1407","24.875","19738","0253"
"201903262240375250103803451151","2019/5/8 07:00:27","19050807063677778005","1809026510250375","2019/5/8 07:00:27","0","14.28","22.5902","0","158.3282","17.1875","19828","0253"
"201903262240375250103803451151","2019/5/8 16:00:25","19050816063377791721","1809026510250375","2019/5/8 16:00:25","0","13.2","20.2231","0","157.1407","24.4375","20018","0253"
"201903262240375250103803451151","2019/5/9 07:00:27","19050907063378238557","1809026510250375","2019/5/9 07:00:27","0","6.77","10.5641","0","162.086","20.5625","20131","0253"
"201903262240375250103803451151","2019/5/9 16:00:31","19050916063778255589","1809026510250375","2019/5/9 16:00:31","0","0","0","0","156.4063","27.8125","20180","0253"
"201903262240375250103803451151","2019/5/10 07:00:29","19051007063478705503","1809026510250375","2019/5/10 07:00:29","0","0","0","0","158.1016","21.625","20281","0253"
"201903262240375250103803451151","2019/5/10 16:00:29","19051016063678724402","1809026510250375","2019/5/10 16:00:29","0","7.01","10.6732","0","157.2266","25.4375","20330","0253"
"201903262240375250103803451151","2019/5/11 07:00:27","19051107063379173432","1809026510250375","2019/5/11 07:00:27","0","6.79","10.6324","0","165","20.4375","20435","0253"
"201903262240375250103803451151","2019/5/11 16:00:27","19051116063379188734","1809026510250375","2019/5/11 16:00:27","0","0","0","0","162.2969","29.625","20479","0253"
"201903262240375250103803451151","2019/5/12 07:00:29","19051207063479632892","1809026510250375","2019/5/12 07:00:29","0","6.9","10.7111","0","164.4141","22.5","20575","0253"
"201903262240375250103803451151","2019/5/12 16:00:25","19051216062879651730","1809026510250375","2019/5/12 16:00:25","0","7.06","10.4894","0","159.5078","31.5625","20620","0253"
"201903262240375250103803451151","2019/5/13 07:00:29","19051307063480105015","1809026510250375","2019/5/13 07:00:29","0","0","0","0","157.8828","22.375","20717","0253"
"201903262240375250103803451151","2019/5/13 16:00:29","19051316063380123879","1809026510250375","2019/5/13 16:00:29","0","0","0","0","157.1094","21.6875","20771","0253"
"201903262240375250103803451151","2019/5/14 07:01:05","19051407070980599993","1809026510250375","2019/5/14 07:01:05","0","0","0","0","166.8203","21.0625","20871","0253"
"201903262240375250103803451151","2019/5/14 16:00:27","19051416063180631254","1809026510250375","2019/5/14 16:00:27","0","0","0","0","159.5","28.625","20923","0253"
"201903262240375250103803451151","2019/5/15 07:00:41","19051507064281102256","1809026510250375","2019/5/15 07:00:41","0","0","0","0","166.336","21.3125","21020","0253"
"201903262240375250103803451151","2019/5/15 16:00:29","19051516063281120663","1809026510250375","2019/5/15 16:00:29","0","0","0","0","166.586","21.5625","21046","0253"
"201903262240375250103803451151","2019/5/16 07:00:29","19051607062981585132","1809026510250375","2019/5/16 07:00:29","0","0","0","0","167.4297","21.6875","21046","0253"
"201903262240375250103803451151","2019/5/16 16:00:27","19051616064481602577","1809026510250375","2019/5/16 16:00:27","0","0","0","0","170.2188","26.4375","21046","0253"
"201903262240375250103803451151","2019/5/17 07:00:31","19051707063282059197","1809026510250375","2019/5/17 07:00:31","0","0","0","0","168.2422","24.25","21046","0253"
"201903262240375250103803451151","2019/5/17 16:00:29","19051716063082078307","1809026510250375","2019/5/17 16:00:29","0","0","0","0","171.0938","28.0625","21046","0253"
"201903262240375250103803451151","2019/5/18 07:00:27","19051807062882534192","1809026510250375","2019/5/18 07:00:27","0","0","0","0","168.3125","25.125","21046","0253"
"201903262240375250103803451151","2019/5/18 16:00:27","19051816062782552872","1809026510250375","2019/5/18 16:00:27","0","0","0","0","172.0469","29.75","21046","0253"
"201903262240375250103803451151","2019/5/19 07:00:43","19051907065083008961","1809026510250375","2019/5/19 07:00:43","0","0","0","0","168.0625","25.25","21046","0253"
"201903262240375250103803451151","2019/5/19 16:00:29","19051916062683026570","1809026510250375","2019/5/19 16:00:29","0","0","0","0","169.0235","25.4375","21046","0253"
"201903262240375250103803451151","2019/5/20 07:00:25","19052007062283483765","1809026510250375","2019/5/20 07:00:25","0","0","0","0","166.8282","23.25","21046","0253"
"201903262240375250103803451151","2019/5/20 16:00:27","19052016062683503158","1809026510250375","2019/5/20 16:00:27","0","0","0","0","169.0078","25","21046","0253"
"201903262240375250103803451151","2019/5/21 07:00:27","19052107062483959870","1809026510250375","2019/5/21 07:00:27","0","0","0","0","166.3594","21.5625","21046","0253"
"201903262240375250103803451151","2019/5/21 16:00:27","19052116062583981645","1809026510250375","2019/5/21 16:00:27","0","0","0","0","170.4453","27.4375","21046","0253"
"201903262240375250103803451151","2019/5/22 07:00:27","19052207062484450438","1809026510250375","2019/5/22 07:00:27","0","0","0","0","166.586","22.9375","21046","0253"
"201903262240375250103803451151","2019/5/22 16:00:29","19052216063584465960","1809026510250375","2019/5/22 16:00:29","0","0","0","0","171.0938","28.3125","21046","0253"
"201903262240375250103803451151","2019/5/23 07:00:27","19052307062484929851","1809026510250375","2019/5/23 07:00:27","0","0","0","0","166.3438","22.4375","21046","0253"
"201903262240375250103803451151","2019/5/23 16:00:49","19052316064584953923","1809026510250375","2019/5/23 16:00:49","0","0","0","0","172.0703","30.9375","21046","0253"
"201903262240375250103803451151","2019/5/24 07:00:29","19052407062985413901","1809026510250375","2019/5/24 07:00:29","0","0","0","0","166.7578","23.9375","21046","0253"
"201903262240375250103803451151","2019/5/24 16:00:29","19052416062385428769","1809026510250375","2019/5/24 16:00:29","0","0","0","0","172.3203","32.3125","21046","0253"
"201903262240375250103803451151","2019/5/25 07:00:29","19052507062485884901","1809026510250375","2019/5/25 07:00:29","0","0","0","0","167.8672","26.0625","21046","0253"
"201903262240375250103803451151","2019/5/25 16:00:29","19052516062485897711","1809026510250375","2019/5/25 16:00:29","0","0","0","0","170","30.75","21046","0253"
"201903262240375250103803451151","2019/5/26 07:00:27","19052607072186364883","1809026510250375","2019/5/26 07:00:27","0","0","0","0","167.4453","25.875","21046","0253"
"201903262240375250103803451151","2019/5/26 16:00:35","19052616072986377801","1809026510250375","2019/5/26 16:00:35","0","0","0","0","167.4922","27.375","21046","0253"
"201903262240375250103803451151","2019/5/27 07:00:27","19052707072086840538","1809026510250375","2019/5/27 07:00:27","0","0","0","0","166.1563","25.1875","21046","0253"
"201903262240375250103803451151","2019/5/27 16:00:27","19052716072086858343","1809026510250375","2019/5/27 16:00:27","0","0","0","0","170.4141","30.4375","21046","0253"
"201903262240375250103803451151","2019/5/28 07:00:25","19052807071587312755","1809026510250375","2019/5/28 07:00:25","0","0","0","0","166.7891","21.1875","21046","0253"
"201903262240375250103803451151","2019/5/28 16:00:27","19052816071787328570","1809026510250375","2019/5/28 16:00:27","0","0","0","0","167.9375","22.125","21046","0253"
"201903262240375250103803451151","2019/5/29 07:00:27","19052907071987797715","1809026510250375","2019/5/29 07:00:27","0","0","0","0","167.5157","18.6875","21046","0253"
"201903262240375250103803451151","2019/5/29 16:00:27","19052916071887812528","1809026510250375","2019/5/29 16:00:27","0","0","0","0","170.9297","25.25","21046","0253"
"201903262240375250103803451151","2019/5/30 07:00:33","19053007072488284062","1809026510250375","2019/5/30 07:00:33","0","0","0","0","168.0235","21","21046","0253"
"201903262240375250103803451151","2019/5/30 16:00:27","19053016071788299037","1809026510250375","2019/5/30 16:00:27","0","0","0","0","171.9375","27.3125","21046","0253"
"201903262240375250103803451151","2019/5/31 07:00:29","19053107071788765520","1809026510250375","2019/5/31 07:00:29","0","0","0","0","168.1953","22.5625","21046","0253"
"201903262240375250103803451151","2019/5/31 16:00:27","19053116071788781284","1809026510250375","2019/5/31 16:00:27","0","0","0","0","168.2969","22.375","21046","0253"
"201903262240375250103803451151","2019/6/1 07:00:25","19060107071489248156","1809026510250375","2019/6/1 07:00:25","0","0","0","0","167.4844","21.25","21046","0253"
"201903262240375250103803451151","2019/6/1 16:00:31","19060116072089267690","1809026510250375","2019/6/1 16:00:31","0","0","0","0","167.7578","22.5625","21046","0253"
"201903262240375250103803451151","2019/6/2 07:00:27","19060207071589732626","1809026510250375","2019/6/2 07:00:27","0","0","0","0","167.1407","21.25","21046","0253"
"201903262240375250103803451151","2019/6/2 16:00:29","19060216071789746883","1809026510250375","2019/6/2 16:00:29","0","0","0","0","169.586","24.8125","21046","0253"
"201903262240375250103803451151","2019/6/3 07:00:29","19060307071790214194","1809026510250375","2019/6/3 07:00:29","0","0","0","0","167.375","22.5625","21046","0253"
"201903262240375250103803451151","2019/6/3 16:00:29","19060316071690229282","1809026510250375","2019/6/3 16:00:29","0","0","0","0","171.7344","28.25","21046","0253"
"201903262240375250103803451151","2019/6/4 07:00:31","19060407071790681137","1809026510250375","2019/6/4 07:00:31","0","0","0","0","167.9922","24.3125","21046","0253"
"201903262240375250103803451151","2019/6/4 16:00:29","19060416071590696756","1809026510250375","2019/6/4 16:00:29","0","0","0","0","173.5469","32.5625","21046","0253"
"201903262240375250103803451151","2019/6/5 07:00:29","19060507071591176103","1809026510250375","2019/6/5 07:00:29","0","0","0","0","168.375","25.5625","21046","0253"
"201903262240375250103803451151","2019/6/5 16:00:29","19060516071591190818","1809026510250375","2019/6/5 16:00:29","0","0","0","0","173.9766","34.25","21046","0253"
"201903262240375250103803451151","2019/6/6 07:00:31","19060607071791664050","1809026510250375","2019/6/6 07:00:31","0","0","0","0","169.7813","29.0625","21046","0253"
"201903262240375250103803451151","2019/6/6 16:00:31","19060616071691679065","1809026510250375","2019/6/6 16:00:31","0","0","0","0","169.4844","29.6875","21046","0253"
"201903262240375250103803451151","2019/6/7 07:00:27","19060707071192148625","1809026510250375","2019/6/7 07:00:27","0","0","0","0","167.5235","25.6875","21046","0253"
"201903262240375250103803451151","2019/6/7 16:00:43","19060716072792167015","1809026510250375","2019/6/7 16:00:43","0","0","0","0","166.961","24.1875","21046","0253"
"201903262240375250103803451151","2019/6/8 07:00:27","19060807071192591643","1809026510250375","2019/6/8 07:00:27","0","0","0","0","166.3672","22.9375","21046","0253"
"201903262240375250103803451151","2019/6/8 16:00:29","19060816071292607632","1809026510250375","2019/6/8 16:00:29","0","0","0","0","167.0078","24.875","21046","0253"
"201903262240375250103803451151","2019/6/9 07:01:09","19060907075193090158","1809026510250375","2019/6/9 07:01:09","0","0","0","0","166.1172","24","21046","0253"
"201903262240375250103803451151","2019/6/9 16:00:33","19060916071593105824","1809026510250375","2019/6/9 16:00:33","0","0","0","0","169.8828","28.6875","21046","0253"
"201903262240375250103803451151","2019/6/10 07:00:25","19061007070693589922","1809026510250375","2019/6/10 07:00:25","0","0","0","0","166.7578","25.8125","21046","0253"
"201903262240375250103803451151","2019/6/10 16:00:27","19061016070993606223","1809026510250375","2019/6/10 16:00:27","0","0","0","0","170.6485","31.5","21046","0253"
"201903262240375250103803451151","2019/6/11 07:00:33","19061107071394059373","1809026510250375","2019/6/11 07:00:33","0","0","0","0","166.5078","25.9375","21046","0253"
"201903262240375250103803451151","2019/6/11 16:00:27","19061116070794076737","1809026510250375","2019/6/11 16:00:27","0","0","0","0","170.6641","31.75","21046","0253"
"201903262240375250103803451151","2019/6/12 07:00:29","19061207070894561268","1809026510250375","2019/6/12 07:00:29","0","0","0","0","165.6797","25.125","21046","0253"
"201903262240375250103803451151","2019/6/12 16:00:25","19061216070794577289","1809026510250375","2019/6/12 16:00:25","0","0","0","0","162.086","26.1875","21046","0253"
"201903262240375250103803451151","2019/6/13 07:00:29","19061307070995055118","1809026510250375","2019/6/13 07:00:29","0","0","0","0","157.375","21.9375","21046","0253"
"201903262240375250103803451151","2019/6/13 16:00:27","19061316072495070592","1809026510250375","2019/6/13 16:00:27","0","0","0","0","163.2032","21.0625","21046","0253"
"201903262240375250103803451151","2019/6/14 07:00:35","19061407073195540321","1809026510250375","2019/6/14 07:00:35","0","0","0","0","157.1875","19.0625","21046","0253"
"201903262240375250103803451151","2019/6/14 16:00:43","19061416073995555776","1809026510250375","2019/6/14 16:00:43","0","0","0","0","156.7891","26.25","21046","0253"
"201903262240375250103803451151","2019/6/15 07:00:29","19061507072596023740","1809026510250375","2019/6/15 07:00:29","0","0","0","0","158.2188","20.8125","21046","0253"
"201903262240375250103803451151","2019/6/15 16:00:27","19061516072396043736","1809026510250375","2019/6/15 16:00:27","0","0","0","0","162.1719","30.6875","21046","0253"
"201903262240375250103803451151","2019/6/16 07:00:29","19061607072496532864","1809026510250375","2019/6/16 07:00:29","0","0","0","0","157.9063","23.6875","21046","0253"
"201903262240375250103803451151","2019/6/16 16:00:27","19061616072196548611","1809026510250375","2019/6/16 16:00:27","0","0","0","0","164.0625","30.25","21046","0253"
"201903262240375250103803451151","2019/6/17 07:00:29","19061707072197016387","1809026510250375","2019/6/17 07:00:29","0","0","0","0","160.7813","25.6875","21046","0253"
"201903262240375250103803451151","2019/6/17 16:00:29","19061716072397034660","1809026510250375","2019/6/17 16:00:29","0","0","0","0","157.8985","23.75","21046","0253"
"201903262240375250103803451151","2019/6/18 07:00:39","19061807073297523781","1809026510250375","2019/6/18 07:00:39","0","0","0","0","166.0391","22.25","21046","0253"
"201903262240375250103803451151","2019/6/18 16:00:27","19061816072097543120","1809026510250375","2019/6/18 16:00:27","0","0","0","0","164.6719","25.875","21046","0253"
"201903262240375250103803451151","2019/6/19 07:00:29","19061907072098025551","1809026510250375","2019/6/19 07:00:29","0","0","0","0","164.6641","24.1875","21046","0253"
"201903262240375250103803451151","2019/6/19 16:00:27","19061916071998047024","1809026510250375","2019/6/19 16:00:27","0","0","0","0","157.3516","24.9375","21046","0253"
"201903262240375250103803451151","2019/6/20 07:00:35","19062007072798532947","1809026510250375","2019/6/20 07:00:35","0","0","0","0","158.8672","23.9375","21046","0253"
"201903262240375250103803451151","2019/6/20 16:00:25","19062016071798547920","1809026510250375","2019/6/20 16:00:25","0","0","0","0","156.4375","29.1875","21046","0253"
"201903262240375250103803451151","2019/6/21 07:00:39","19062107072899032783","1809026510250375","2019/6/21 07:00:39","0","0","0","0","162.5547","24.875","21046","0253"
"201903262240375250103803451151","2019/6/21 16:00:29","19062116071999050734","1809026510250375","2019/6/21 16:00:29","0","0","0","0","163.0782","26.625","21046","0253"
"201903262240375250103803451151","2019/6/22 07:00:31","19062207072199530043","1809026510250375","2019/6/22 07:00:31","0","0","0","0","157.125","23.6875","21046","0253"
"201903262240375250103803451151","2019/6/22 16:00:27","19062216071699551831","1809026510250375","2019/6/22 16:00:27","0","0","0","0","100.4844","24.125","21046","0253"
"201903262240375250103803451151","2019/6/23 07:00:23","19062307071000037748","1809026510250375","2019/6/23 07:00:23","0","0","0","0","100.6953","23.5625","21046","0253"
"201903262240375250103803451151","2019/6/23 16:00:23","19062316071100055345","1809026510250375","2019/6/23 16:00:23","0","0","0","0","100.6016","24.375","21046","0253"
"201903262240375250103803451151","2019/6/24 07:00:23","19062407070900544227","1809026510250375","2019/6/24 07:00:23","0","0","0","0","101.0391","23.25","21046","0253"
"201903262240375250103803451151","2019/6/24 16:00:21","19062416070700566447","1809026510250375","2019/6/24 16:00:21","0","0","0","0","100.7656","26.3125","21046","0253"
"201903262240375250103803451151","2019/6/25 07:00:23","19062507071001053752","1809026510250375","2019/6/25 07:00:23","0","0","0","0","101.3594","24.3125","21046","0253"
"201903262240375250103803451151","2019/6/25 16:00:27","19062516071201074416","1809026510250375","2019/6/25 16:00:27","0","0","0","0","101.086","24.4375","21046","0253"
"201903262240375250103803451151","2019/6/26 07:00:31","19062607071501569229","1809026510250375","2019/6/26 07:00:31","0","0","0","0","100.9141","24.4375","21046","0253"
"201903262240375250103803451151","2019/6/26 16:00:21","19062616070701590012","1809026510250375","2019/6/26 16:00:21","0","0","0","0","100.4297","24.5","21046","0253"
"201903262240375250103803451151","2019/6/27 07:00:21","19062707070602088769","1809026510250375","2019/6/27 07:00:21","0","0","0","0","100.5078","25.125","21046","0253"
"201903262240375250103803451151","2019/6/27 16:00:21","19062716070602109208","1809026510250375","2019/6/27 16:00:21","0","0","0","0","100.2656","24.0625","21046","0253"
"201903262240375250103803451151","2019/6/28 07:00:23","19062807070702572955","1809026510250375","2019/6/28 07:00:23","0","0","0","0","100.5","26.75","21046","0253"
"201903262240375250103803451151","2019/6/28 16:00:25","19062816070902587663","1809026510250375","2019/6/28 16:00:25","0","0","0","0","100.125","25.25","21046","0253"
"201903262240375250103803451151","2019/6/29 07:00:23","19062907070703093095","1809026510250375","2019/6/29 07:00:23","0","0","0","0","100.2344","28.5625","21046","0253"
"201903262240375250103803451151","2019/6/29 16:00:21","19062916070403113595","1809026510250375","2019/6/29 16:00:21","0","0","0","0","99.9297","25.375","21046","0253"
"201903262240375250103803451151","2019/6/30 07:00:23","19063007070603607401","1809026510250375","2019/6/30 07:00:23","0","0","0","0","100.2578","29.6875","21046","0253"
"201903262240375250103803451151","2019/6/30 16:00:21","19063016070403629209","1809026510250375","2019/6/30 16:00:21","0","0","0","0","100.4844","31.1875","21046","0253"
"201903262240375250103803451151","2019/7/1 07:00:21","19070107070304122326","1809026510250375","2019/7/1 07:00:21","0","0","0","0","100.5235","30.5","21046","0253"
"201903262240375250103803451151","2019/7/1 16:00:30","19070116003504140742","1809026510250375","2019/7/1 16:00:30","0","0","0","0","100.4063","26.25","21055","0253"
"201903262240375250103803451151","2019/7/2 07:00:22","19070207002504642120","1809026510250375","2019/7/2 07:00:22","0","0","0","0","100.7969","28","21077","0253"
"201903262240375250103803451151","2019/7/2 16:00:26","19070216002904665085","1809026510250375","2019/7/2 16:00:26","0","0","0","0","100.711","26.625","21079","0253"
"201903262240375250103803451151","2019/7/3 07:00:44","19070307004705162455","1809026510250375","2019/7/3 07:00:44","0","0","0","0","100.9688","26.8125","21079","0253"
"201903262240375250103803451151","2019/7/3 16:01:12","19070316011505189094","1809026510250375","2019/7/3 16:01:12","0","0","0","0","100.8125","27","21079","0253"
"201903262240375250103803451151","2019/7/4 07:00:26","19070407002905685872","1809026510250375","2019/7/4 07:00:26","0","0","0","0","100.2969","27.3125","21079","0253"
"201903262240375250103803451151","2019/7/4 16:00:24","19070416002605704463","1809026510250375","2019/7/4 16:00:24","0","0","0","0","100.4844","26.0625","21079","0253"
"201903262240375250103803451151","2019/7/5 07:00:20","19070507002206204443","1809026510250375","2019/7/5 07:00:20","0","0","0","0","100.3047","25.0625","21079","0253"
"201903262240375250103803451151","2019/7/5 16:00:28","19070516003006225404","1809026510250375","2019/7/5 16:00:28","0","0","0","0","100.125","24.875","21079","0253"
"201903262240375250103803451151","2019/7/6 07:00:24","19070607002306722941","1809026510250375","2019/7/6 07:00:24","0","0","0","0","100.0703","25.0625","21079","0253"
"201903262240375250103803451151","2019/7/6 16:00:28","19070616002706748640","1809026510250375","2019/7/6 16:00:28","0","0","0","0","99.836","25.1875","21079","0253"
"201903262240375250103803451151","2019/7/7 07:00:26","19070707002607250119","1809026510250375","2019/7/7 07:00:26","0","0","0","0","100.1953","25.3125","21079","0253"
"201903262240375250103803451151","2019/7/7 16:00:28","19070716002807267493","1809026510250375","2019/7/7 16:00:28","0","0","0","0","100.2656","29.1875","21079","0253"
"201903262240375250103803451151","2019/7/8 07:00:26","19070807002607764242","1809026510250375","2019/7/8 07:00:26","0","0","0","0","100.5","24.4375","21079","0253"
"201903262240375250103803451151","2019/7/8 16:00:28","19070816002707784087","1809026510250375","2019/7/8 16:00:28","0","0","0","0","100.3594","25.0625","21079","0253"
"201903262240375250103803451151","2019/7/9 07:00:30","19070907002908165755","1809026510250375","2019/7/9 07:00:30","0","6.28","9.695","0","157.4766","22.4375","21190","0253"
"201903262240375250103803451151","2019/7/9 16:00:32","19070916002908187452","1809026510250375","2019/7/9 16:00:32","0","24.29","36.9475","0","155.8438","24","21411","0253"
"201903262240375250103803451151","2019/7/10 07:00:44","19071007004908618476","1809026510250375","2019/7/10 07:00:44","0","12.57","19.289","0","156.6563","22.5","21545","0253"
"201903262240375250103803451151","2019/7/10 16:00:28","19071016002608639557","1809026510250375","2019/7/10 16:00:28","0","0","0","0","156.4219","25.5625","21614","0253"
"201903262240375250103803451151","2019/7/11 07:00:28","19071107002309226090","1809026510250375","2019/7/11 07:00:28","0","0","0","0","166.125","23.5625","21707","0253"
"201903262240375250103803451151","2019/7/11 16:00:28","19071116002409249018","1809026510250375","2019/7/11 16:00:28","0","7.43","11.0849","0","156.7969","31.125","21778","0253"
"201903262240375250103803451151","2019/7/12 07:00:30","19071207002509749939","1809026510250375","2019/7/12 07:00:30","0","0","0","0","157.1328","25.5625","21873","0253"
"201903262240375250103803451151","2019/7/12 16:00:28","19071216002409771391","1809026510250375","2019/7/12 16:00:28","0","35.54","53.0785","0","155.8047","28.875","21956","0253"
"201903262240375250103803451151","2019/7/13 07:00:28","19071307002310277536","1809026510250375","2019/7/13 07:00:28","0","0","0","0","157.0078","26","22099","0253"
"201903262240375250103803451151","2019/7/13 16:00:26","19071316001910298431","1809026510250375","2019/7/13 16:00:26","0","19.15","29.1649","0","156.4297","24.6875","22304","0253"
"201903262240375250103803451151","2019/7/14 07:00:28","19071407002210802245","1809026510250375","2019/7/14 07:00:28","0","6.46","9.9364","0","157.711","23.6875","22412","0253"
"201903262240375250103803451151","2019/7/14 16:00:32","19071416002610819197","1809026510250375","2019/7/14 16:00:32","0","12.17","18.6434","0","156.9375","23.625","22606","0253"
"201903262240375250103803451151","2019/7/15 07:00:28","19071507002211322290","1809026510250375","2019/7/15 07:00:28","0","6.78","10.4509","0","157.7422","23.3125","22699","0253"
"201903262240375250103803451151","2019/7/15 16:00:58","19071516005111346897","1809026510250375","2019/7/15 16:00:58","0","6.59","10.0088","0","156.7657","25.125","22764","0253"
"201903262240375250103803451151","2019/7/16 07:00:30","19071607002211851041","1809026510250375","2019/7/16 07:00:30","0","6.57","10.0563","0","157.5782","24.875","22858","0253"
"201903262240375250103803451151","2019/7/16 16:00:34","19071616002611875905","1809026510250375","2019/7/16 16:00:34","0","10.21","15.1473","0","156.1485","31.9375","23068","0253"
"201903262240375250103803451151","2019/7/17 07:00:30","19071707002512390648","1809026510250375","2019/7/17 07:00:30","0","6.46","9.8305","0","157.1407","26","23180","0253"
"201903262240375250103803451151","2019/7/17 16:00:46","19071716003812419711","1809026510250375","2019/7/17 16:00:46","0","14.92","21.7253","0","155.4219","35.8125","23352","0253"
"201903262240375250103803451151","2019/7/18 07:00:28","19071807002012934480","1809026510250375","2019/7/18 07:00:28","0","0","0","0","156.8907","28.25","23453","0253"
"201903262240375250103803451151","2019/7/18 16:00:26","19071816003312957420","1809026510250375","2019/7/18 16:00:26","0","18.57","26.819","0","154.8672","37.1875","23653","0253"
"201903262240375250103803451151","2019/7/19 07:00:30","19071907003913463968","1809026510250375","2019/7/19 07:00:30","0","0","0","0","156.1641","29.0625","23753","0253"
"201903262240375250103803451151","2019/7/19 16:00:28","19071916003613490381","1809026510250375","2019/7/19 16:00:28","0","0","0","0","155.4453","34.0625","23854","0253"
"201903262240375250103803451151","2019/7/20 07:00:24","19072007003214002151","1809026510250375","2019/7/20 07:00:24","0","0","0","0","156.4844","28.75","23938","0253"
"201903262240375250103803451151","2019/7/20 16:00:30","19072016003814021901","1809026510250375","2019/7/20 16:00:30","0","9.1","13.1862","0","155.8282","37.9375","24113","0253"
"201903262240375250103803451151","2019/7/21 07:00:34","19072107003914532695","1809026510250375","2019/7/21 07:00:34","0","7.79","11.6979","0","156.9844","30.1875","24227","0253"
"201903262240375250103803451151","2019/7/21 16:00:26","19072116003114552056","1809026510250375","2019/7/21 16:00:26","0","20.82","30.3905","0","155.9297","36.1875","24467","0253"
"201903262240375250103803451151","2019/7/22 07:00:30","19072207003515072820","1809026510250375","2019/7/22 07:00:30","0","0","0","0","156.836","28.75","24594","0253"
"201903262240375250103803451151","2019/7/22 16:00:26","19072216003315105254","1809026510250375","2019/7/22 16:00:26","0","0","0","0","155.5078","35.5","24714","0253"
"201903262240375250103803451151","2019/7/23 07:00:26","19072307003215625960","1809026510250375","2019/7/23 07:00:26","0","7.64","11.4208","0","156.375","29.9375","24806","0253"
"201903262240375250103803451151","2019/7/23 16:00:26","19072316003215648661","1809026510250375","2019/7/23 16:00:26","0","7.16","10.3337","0","155.0078","38.25","24877","0253"
"201903262240375250103803451151","2019/7/24 07:00:26","19072407003216165328","1809026510250375","2019/7/24 07:00:26","0","0","0","0","156.9688","31.1875","24999","0253"
"201903262240375250103803451151","2019/7/29 16:00:34","19072916003618923346","1809026510250375","2019/7/29 16:00:34","0","6.98","10.0756","0","155.5391","38.875","26319","0253"
"201903262240375250103803451151","2019/8/7 16:00:30","19080716012523911689","1809026510250375","2019/8/7 16:00:30","0","0","0","0","167.6797","37.5","26713","0253"
"201903262240375250103803451151","2019/8/12 16:00:44","19081216013726715168","1809026510250375","2019/8/12 16:00:44","0","0","0","0","168.6094","36.9375","27032","0253"
