,End_Date,Gas_Diff,Start_Date
0,2018-08-29 12:22:20,0,2018-08-29 11:28:07
1,2018-08-29 13:12:17,0,2018-08-29 12:22:20
2,2018-08-29 14:23:48,0,2018-08-29 13:12:17
3,2018-08-29 15:00:03,0,2018-08-29 14:23:48
4,2018-08-29 17:01:09,0,2018-08-29 15:00:03
5,2018-08-29 18:00:10,0,2018-08-29 17:01:09
6,2018-08-29 19:00:05,0,2018-08-29 18:00:10
7,2018-08-29 20:00:04,0,2018-08-29 19:00:05
8,2018-08-29 21:00:11,0,2018-08-29 20:00:04
9,2018-08-29 22:00:10,0,2018-08-29 21:00:11
10,2018-08-30 00:09:36,0,2018-08-29 22:00:10
11,2018-08-30 01:00:06,0,2018-08-30 00:09:36
12,2018-08-30 02:00:09,0,2018-08-30 01:00:06
13,2018-08-30 03:00:07,0,2018-08-30 02:00:09
14,2018-08-30 04:00:03,0,2018-08-30 03:00:07
15,2018-08-30 05:00:03,0,2018-08-30 04:00:03
16,2018-08-30 06:00:10,0,2018-08-30 05:00:03
17,2018-08-30 07:00:09,0,2018-08-30 06:00:10
18,2018-08-30 08:00:03,0,2018-08-30 07:00:09
19,2018-08-30 09:00:03,0,2018-08-30 08:00:03
20,2018-08-30 10:00:03,0,2018-08-30 09:00:03
21,2018-08-30 11:00:10,0,2018-08-30 10:00:03
22,2018-08-30 12:00:09,0,2018-08-30 11:00:10
23,2018-08-30 13:00:11,0,2018-08-30 12:00:09
24,2018-08-30 14:00:09,0,2018-08-30 13:00:11
25,2018-08-30 15:00:10,0,2018-08-30 14:00:09
26,2018-08-30 16:18:46,0,2018-08-30 15:00:10
27,2018-08-30 17:00:10,0,2018-08-30 16:18:46
28,2018-08-30 18:00:05,0,2018-08-30 17:00:10
29,2018-08-30 19:00:03,0,2018-08-30 18:00:05
30,2018-08-30 20:00:03,0,2018-08-30 19:00:03
31,2018-08-30 21:00:06,0,2018-08-30 20:00:03
32,2018-08-30 22:00:04,0,2018-08-30 21:00:06
33,2018-08-30 23:00:14,0,2018-08-30 22:00:04
34,2018-08-31 00:05:48,0,2018-08-30 23:00:14
35,2018-08-31 01:00:09,0,2018-08-31 00:05:48
36,2018-08-31 02:00:06,0,2018-08-31 01:00:09
37,2018-08-31 03:00:07,0,2018-08-31 02:00:06
38,2018-08-31 04:00:04,0,2018-08-31 03:00:07
39,2018-08-31 05:00:03,0,2018-08-31 04:00:04
40,2018-08-31 06:00:10,0,2018-08-31 05:00:03
41,2018-08-31 07:00:04,0,2018-08-31 06:00:10
42,2018-08-31 08:00:03,0,2018-08-31 07:00:04
43,2018-08-31 09:07:40,0,2018-08-31 08:00:03
44,2018-08-31 10:00:03,0,2018-08-31 09:07:40
45,2018-09-13 11:16:12,7364,2018-08-31 10:00:03
46,2018-09-13 12:00:06,0,2018-09-13 11:16:12
47,2018-09-13 13:00:01,0,2018-09-13 12:00:06
48,2018-09-13 14:00:10,0,2018-09-13 13:00:01
49,2018-09-13 15:00:07,0,2018-09-13 14:00:10
50,2018-09-13 16:00:11,0,2018-09-13 15:00:07
51,2018-09-13 17:00:07,0,2018-09-13 16:00:11
52,2018-09-13 18:00:07,0,2018-09-13 17:00:07
53,2018-09-13 19:00:04,0,2018-09-13 18:00:07
54,2018-09-13 20:00:06,0,2018-09-13 19:00:04
55,2018-09-13 21:00:07,0,2018-09-13 20:00:06
56,2018-09-13 22:00:05,0,2018-09-13 21:00:07
57,2018-09-13 23:00:06,0,2018-09-13 22:00:05
58,2018-09-14 00:00:07,0,2018-09-13 23:00:06
59,2018-09-14 01:00:04,0,2018-09-14 00:00:07
60,2018-09-14 02:00:03,0,2018-09-14 01:00:04
61,2018-09-14 03:00:04,0,2018-09-14 02:00:03
62,2018-09-14 04:00:07,0,2018-09-14 03:00:04
63,2018-09-14 05:00:06,0,2018-09-14 04:00:07
64,2018-09-14 06:00:04,0,2018-09-14 05:00:06
65,2018-09-14 07:00:10,0,2018-09-14 06:00:04
66,2018-09-14 08:00:10,0,2018-09-14 07:00:10
67,2018-09-14 09:00:07,0,2018-09-14 08:00:10
68,2018-09-14 10:00:18,0,2018-09-14 09:00:07
69,2018-09-14 11:00:03,0,2018-09-14 10:00:18
70,2018-09-14 12:00:07,0,2018-09-14 11:00:03
71,2018-09-14 13:00:07,0,2018-09-14 12:00:07
72,2018-09-14 14:00:04,0,2018-09-14 13:00:07
73,2018-09-14 15:00:07,0,2018-09-14 14:00:04
74,2018-09-14 16:00:06,218,2018-09-14 15:00:07
75,2018-09-14 17:00:05,490,2018-09-14 16:00:06
76,2018-09-14 18:00:07,530,2018-09-14 17:00:05
77,2018-09-14 19:00:04,638,2018-09-14 18:00:07
78,2018-09-14 20:07:43,870,2018-09-14 19:00:04
79,2018-09-14 21:00:03,515,2018-09-14 20:07:43
80,2018-09-14 22:00:07,103,2018-09-14 21:00:03
81,2018-09-14 23:00:03,0,2018-09-14 22:00:07
82,2018-09-15 00:00:04,0,2018-09-14 23:00:03
83,2018-09-15 01:00:03,0,2018-09-15 00:00:04
84,2018-09-15 02:00:04,0,2018-09-15 01:00:03
85,2018-09-15 03:00:07,0,2018-09-15 02:00:04
86,2018-09-15 04:00:03,0,2018-09-15 03:00:07
87,2018-09-15 05:00:03,0,2018-09-15 04:00:03
88,2018-09-15 06:00:10,0,2018-09-15 05:00:03
89,2018-09-15 07:00:07,0,2018-09-15 06:00:10
90,2018-09-15 08:00:06,0,2018-09-15 07:00:07
91,2018-09-15 09:00:10,0,2018-09-15 08:00:06
92,2018-09-15 10:00:05,0,2018-09-15 09:00:10
93,2018-09-15 11:00:07,0,2018-09-15 10:00:05
94,2018-09-15 12:00:03,0,2018-09-15 11:00:07
95,2018-09-15 13:03:56,0,2018-09-15 12:00:03
96,2018-09-15 14:00:03,0,2018-09-15 13:03:56
97,2018-09-15 15:01:03,0,2018-09-15 14:00:03
98,2018-09-15 16:00:06,0,2018-09-15 15:01:03
99,2018-09-15 17:00:07,0,2018-09-15 16:00:06
100,2018-09-15 18:00:10,0,2018-09-15 17:00:07
101,2018-09-15 19:08:33,0,2018-09-15 18:00:10
102,2018-09-15 20:00:09,0,2018-09-15 19:08:33
103,2018-09-15 21:00:09,0,2018-09-15 20:00:09
104,2018-09-15 22:00:04,0,2018-09-15 21:00:09
105,2018-09-15 23:00:06,0,2018-09-15 22:00:04
106,2018-09-16 00:00:10,0,2018-09-15 23:00:06
107,2018-09-16 01:00:07,0,2018-09-16 00:00:10
108,2018-09-16 02:00:07,0,2018-09-16 01:00:07
109,2018-09-16 03:00:17,0,2018-09-16 02:00:07
110,2018-09-16 04:00:06,0,2018-09-16 03:00:17
111,2018-09-16 05:00:03,0,2018-09-16 04:00:06
112,2018-09-16 06:00:09,0,2018-09-16 05:00:03
113,2018-09-16 07:00:06,0,2018-09-16 06:00:09
114,2018-09-16 08:00:05,0,2018-09-16 07:00:06
115,2018-09-16 09:00:07,0,2018-09-16 08:00:05
116,2018-09-16 10:00:16,0,2018-09-16 09:00:07
117,2018-09-16 11:00:06,0,2018-09-16 10:00:16
118,2018-09-16 12:00:03,0,2018-09-16 11:00:06
119,2018-09-16 13:00:35,0,2018-09-16 12:00:03
120,2018-09-16 14:00:04,0,2018-09-16 13:00:35
121,2018-09-16 15:00:07,0,2018-09-16 14:00:04
122,2018-09-16 16:00:04,0,2018-09-16 15:00:07
123,2018-09-16 17:00:16,201,2018-09-16 16:00:04
124,2018-09-16 18:00:08,536,2018-09-16 17:00:16
125,2018-09-16 19:00:03,73,2018-09-16 18:00:08
126,2018-09-16 20:00:12,726,2018-09-16 19:00:03
127,2018-09-16 21:00:10,234,2018-09-16 20:00:12
128,2018-09-16 22:00:06,0,2018-09-16 21:00:10
129,2018-09-16 23:00:10,0,2018-09-16 22:00:06
130,2018-09-17 00:03:29,0,2018-09-16 23:00:10
131,2018-09-17 01:01:42,0,2018-09-17 00:03:29
132,2018-09-17 02:00:03,0,2018-09-17 01:01:42
133,2018-09-17 03:00:19,0,2018-09-17 02:00:03
134,2018-09-17 04:00:10,0,2018-09-17 03:00:19
135,2018-09-17 05:00:04,0,2018-09-17 04:00:10
136,2018-09-17 06:00:06,0,2018-09-17 05:00:04
137,2018-09-17 07:00:06,0,2018-09-17 06:00:06
138,2018-09-17 08:00:03,0,2018-09-17 07:00:06
139,2018-09-17 09:00:03,0,2018-09-17 08:00:03
140,2018-09-17 10:00:03,0,2018-09-17 09:00:03
141,2018-09-17 11:00:10,0,2018-09-17 10:00:03
142,2018-09-17 12:00:26,0,2018-09-17 11:00:10
143,2018-09-17 13:00:13,0,2018-09-17 12:00:26
144,2018-09-17 14:00:05,0,2018-09-17 13:00:13
145,2018-09-17 15:00:06,0,2018-09-17 14:00:05
146,2018-09-17 16:00:04,0,2018-09-17 15:00:06
147,2018-09-17 17:00:43,0,2018-09-17 16:00:04
148,2018-09-17 18:00:16,0,2018-09-17 17:00:43
149,2018-09-17 19:00:10,0,2018-09-17 18:00:16
150,2018-09-17 20:00:12,0,2018-09-17 19:00:10
151,2018-09-17 21:00:06,0,2018-09-17 20:00:12
152,2018-09-17 22:00:07,0,2018-09-17 21:00:06
153,2018-09-17 23:00:04,0,2018-09-17 22:00:07
154,2018-09-18 00:00:04,0,2018-09-17 23:00:04
155,2018-09-18 01:00:04,0,2018-09-18 00:00:04
156,2018-09-18 02:13:20,0,2018-09-18 01:00:04
157,2018-09-18 03:00:04,0,2018-09-18 02:13:20
158,2018-09-18 04:00:06,0,2018-09-18 03:00:04
159,2018-09-18 05:00:04,0,2018-09-18 04:00:06
160,2018-09-18 06:00:06,0,2018-09-18 05:00:04
161,2018-09-18 07:00:03,0,2018-09-18 06:00:06
162,2018-09-18 08:00:06,0,2018-09-18 07:00:03
163,2018-09-18 09:00:06,0,2018-09-18 08:00:06
164,2018-09-18 10:00:03,0,2018-09-18 09:00:06
165,2018-09-18 11:00:06,0,2018-09-18 10:00:03
166,2018-09-18 12:00:06,0,2018-09-18 11:00:06
167,2018-09-18 13:00:07,0,2018-09-18 12:00:06
168,2018-09-18 14:00:11,0,2018-09-18 13:00:07
169,2018-09-18 15:00:06,0,2018-09-18 14:00:11
170,2018-09-18 16:00:06,0,2018-09-18 15:00:06
171,2018-09-18 17:00:05,0,2018-09-18 16:00:06
172,2018-09-18 18:00:07,0,2018-09-18 17:00:05
173,2018-09-18 19:00:10,0,2018-09-18 18:00:07
174,2018-09-18 20:00:04,0,2018-09-18 19:00:10
175,2018-09-18 21:00:06,0,2018-09-18 20:00:04
176,2018-09-18 22:00:36,0,2018-09-18 21:00:06
177,2018-09-18 23:00:03,0,2018-09-18 22:00:36
178,2018-09-19 00:00:07,0,2018-09-18 23:00:03
179,2018-09-19 01:00:06,0,2018-09-19 00:00:07
180,2018-09-19 02:00:03,0,2018-09-19 01:00:06
181,2018-09-19 03:00:07,0,2018-09-19 02:00:03
182,2018-09-19 04:00:07,0,2018-09-19 03:00:07
183,2018-09-19 05:00:06,0,2018-09-19 04:00:07
184,2018-09-19 06:00:03,0,2018-09-19 05:00:06
185,2018-09-19 07:00:04,0,2018-09-19 06:00:03
186,2018-09-19 08:00:06,0,2018-09-19 07:00:04
187,2018-09-19 09:00:04,0,2018-09-19 08:00:06
188,2018-09-19 10:00:03,0,2018-09-19 09:00:04
189,2018-09-19 11:00:08,0,2018-09-19 10:00:03
190,2018-09-19 12:00:10,0,2018-09-19 11:00:08
191,2018-09-19 13:00:07,0,2018-09-19 12:00:10
192,2018-09-19 14:00:06,0,2018-09-19 13:00:07
193,2018-09-19 15:00:07,0,2018-09-19 14:00:06
194,2018-09-19 16:00:07,0,2018-09-19 15:00:07
195,2018-09-19 17:00:07,41,2018-09-19 16:00:07
196,2018-09-19 18:00:06,387,2018-09-19 17:00:07
197,2018-09-19 19:00:10,528,2018-09-19 18:00:06
198,2018-09-19 20:00:03,605,2018-09-19 19:00:10
199,2018-09-19 21:00:03,322,2018-09-19 20:00:03
200,2018-09-19 22:00:06,0,2018-09-19 21:00:03
201,2018-09-19 23:00:03,0,2018-09-19 22:00:06
202,2018-09-20 00:00:03,0,2018-09-19 23:00:03
203,2018-09-20 01:00:04,0,2018-09-20 00:00:03
204,2018-09-20 02:00:05,0,2018-09-20 01:00:04
205,2018-09-20 03:00:13,0,2018-09-20 02:00:05
206,2018-09-20 04:00:04,0,2018-09-20 03:00:13
207,2018-09-20 05:00:05,0,2018-09-20 04:00:04
208,2018-09-20 06:00:03,0,2018-09-20 05:00:05
209,2018-09-20 07:00:09,0,2018-09-20 06:00:03
210,2018-09-20 08:00:04,0,2018-09-20 07:00:09
211,2018-09-20 09:00:03,0,2018-09-20 08:00:04
212,2018-09-20 10:00:04,0,2018-09-20 09:00:03
213,2018-09-20 11:00:03,0,2018-09-20 10:00:04
214,2018-09-20 12:02:23,0,2018-09-20 11:00:03
215,2018-09-20 13:00:07,0,2018-09-20 12:02:23
216,2018-09-20 14:00:06,0,2018-09-20 13:00:07
217,2018-09-20 15:00:09,0,2018-09-20 14:00:06
218,2018-09-20 16:00:07,0,2018-09-20 15:00:09
219,2018-09-20 17:00:10,0,2018-09-20 16:00:07
220,2018-09-20 18:00:03,0,2018-09-20 17:00:10
221,2018-09-20 19:00:04,0,2018-09-20 18:00:03
222,2018-09-20 20:00:04,0,2018-09-20 19:00:04
223,2018-09-20 21:00:07,0,2018-09-20 20:00:04
224,2018-09-20 22:00:04,0,2018-09-20 21:00:07
225,2018-09-20 23:00:03,360,2018-09-20 22:00:04
226,2018-09-21 00:00:09,348,2018-09-20 23:00:03
227,2018-09-21 01:00:04,335,2018-09-21 00:00:09
228,2018-09-21 02:00:03,305,2018-09-21 01:00:04
229,2018-09-21 03:00:06,119,2018-09-21 02:00:03
230,2018-09-21 04:00:03,0,2018-09-21 03:00:06
231,2018-09-21 05:00:06,0,2018-09-21 04:00:03
232,2018-09-21 06:00:03,0,2018-09-21 05:00:06
233,2018-09-21 07:00:03,0,2018-09-21 06:00:03
234,2018-09-21 08:00:03,0,2018-09-21 07:00:03
235,2018-09-21 09:00:03,0,2018-09-21 08:00:03
236,2018-09-21 10:00:10,0,2018-09-21 09:00:03
237,2018-09-21 11:00:09,0,2018-09-21 10:00:10
238,2018-09-21 12:00:09,0,2018-09-21 11:00:09
239,2018-09-21 13:00:06,0,2018-09-21 12:00:09
240,2018-09-21 14:00:10,0,2018-09-21 13:00:06
241,2018-09-21 15:00:03,0,2018-09-21 14:00:10
242,2018-09-21 16:00:11,0,2018-09-21 15:00:03
243,2018-09-21 17:00:09,0,2018-09-21 16:00:11
244,2018-09-21 18:00:03,0,2018-09-21 17:00:09
245,2018-09-21 19:00:04,0,2018-09-21 18:00:03
246,2018-09-21 20:00:11,0,2018-09-21 19:00:04
247,2018-09-21 21:00:03,0,2018-09-21 20:00:11
248,2018-09-21 22:00:10,0,2018-09-21 21:00:03
249,2018-09-21 23:00:06,0,2018-09-21 22:00:10
250,2018-09-22 00:00:07,0,2018-09-21 23:00:06
251,2018-09-22 01:00:03,0,2018-09-22 00:00:07
252,2018-09-22 02:00:04,0,2018-09-22 01:00:03
253,2018-09-22 03:00:03,0,2018-09-22 02:00:04
254,2018-09-22 04:00:03,0,2018-09-22 03:00:03
255,2018-09-22 05:00:03,0,2018-09-22 04:00:03
256,2018-09-22 06:00:03,0,2018-09-22 05:00:03
257,2018-09-22 07:00:03,0,2018-09-22 06:00:03
258,2018-09-22 08:00:03,0,2018-09-22 07:00:03
259,2018-09-22 09:00:06,0,2018-09-22 08:00:03
260,2018-09-22 10:00:06,0,2018-09-22 09:00:06
261,2018-09-22 11:00:06,0,2018-09-22 10:00:06
262,2018-09-22 12:00:03,0,2018-09-22 11:00:06
263,2018-09-22 13:00:04,0,2018-09-22 12:00:03
264,2018-09-22 14:00:06,0,2018-09-22 13:00:04
265,2018-09-22 15:00:39,0,2018-09-22 14:00:06
266,2018-09-22 16:00:03,0,2018-09-22 15:00:39
267,2018-09-22 17:00:03,0,2018-09-22 16:00:03
268,2018-09-22 18:00:03,0,2018-09-22 17:00:03
269,2018-09-22 19:00:04,0,2018-09-22 18:00:03
270,2018-09-22 20:06:12,0,2018-09-22 19:00:04
271,2018-09-22 21:00:03,0,2018-09-22 20:06:12
272,2018-09-22 22:00:15,0,2018-09-22 21:00:03
273,2018-09-22 23:00:04,0,2018-09-22 22:00:15
274,2018-09-23 00:00:07,0,2018-09-22 23:00:04
275,2018-09-23 01:00:15,0,2018-09-23 00:00:07
276,2018-09-23 02:00:03,0,2018-09-23 01:00:15
277,2018-09-23 03:00:07,0,2018-09-23 02:00:03
278,2018-09-23 04:00:03,0,2018-09-23 03:00:07
279,2018-09-23 05:00:03,0,2018-09-23 04:00:03
280,2018-09-23 06:00:03,0,2018-09-23 05:00:03
281,2018-09-23 07:00:10,0,2018-09-23 06:00:03
282,2018-09-23 08:00:03,0,2018-09-23 07:00:10
283,2018-09-23 09:00:06,0,2018-09-23 08:00:03
284,2018-09-23 10:00:05,0,2018-09-23 09:00:06
285,2018-09-23 11:00:07,0,2018-09-23 10:00:05
286,2018-09-23 12:00:06,0,2018-09-23 11:00:07
287,2018-09-23 13:00:04,0,2018-09-23 12:00:06
288,2018-09-23 14:00:07,0,2018-09-23 13:00:04
289,2018-09-23 15:00:08,0,2018-09-23 14:00:07
290,2018-09-23 16:00:04,0,2018-09-23 15:00:08
291,2018-09-23 17:00:06,0,2018-09-23 16:00:04
292,2018-09-23 18:00:03,0,2018-09-23 17:00:06
293,2018-09-23 19:00:03,385,2018-09-23 18:00:03
294,2018-09-23 20:00:06,509,2018-09-23 19:00:03
295,2018-09-23 21:00:06,446,2018-09-23 20:00:06
296,2018-09-23 22:00:03,10,2018-09-23 21:00:06
297,2018-09-23 23:00:06,0,2018-09-23 22:00:03
298,2018-09-24 00:00:03,0,2018-09-23 23:00:06
299,2018-09-24 01:00:07,0,2018-09-24 00:00:03
300,2018-09-24 02:00:06,0,2018-09-24 01:00:07
301,2018-09-24 03:00:03,0,2018-09-24 02:00:06
302,2018-09-24 04:00:07,0,2018-09-24 03:00:03
303,2018-09-24 05:00:03,0,2018-09-24 04:00:07
304,2018-09-24 06:01:02,0,2018-09-24 05:00:03
305,2018-09-24 07:00:04,0,2018-09-24 06:01:02
306,2018-09-24 08:00:04,0,2018-09-24 07:00:04
307,2018-09-24 09:00:06,0,2018-09-24 08:00:04
308,2018-09-24 10:00:07,0,2018-09-24 09:00:06
309,2018-09-24 11:00:05,0,2018-09-24 10:00:07
310,2018-09-24 12:00:24,0,2018-09-24 11:00:05
311,2018-09-24 13:00:15,0,2018-09-24 12:00:24
312,2018-09-24 14:00:04,0,2018-09-24 13:00:15
313,2018-09-24 15:00:04,0,2018-09-24 14:00:04
314,2018-09-24 16:00:04,0,2018-09-24 15:00:04
315,2018-09-24 17:00:06,0,2018-09-24 16:00:04
316,2018-09-24 18:00:07,0,2018-09-24 17:00:06
317,2018-09-24 19:00:03,0,2018-09-24 18:00:07
318,2018-09-24 20:00:03,0,2018-09-24 19:00:03
319,2018-09-24 21:00:03,0,2018-09-24 20:00:03
320,2018-09-24 22:00:03,0,2018-09-24 21:00:03
321,2018-09-24 23:00:04,0,2018-09-24 22:00:03
322,2018-09-25 00:00:19,0,2018-09-24 23:00:04
323,2018-09-25 01:00:03,0,2018-09-25 00:00:19
324,2018-09-25 02:00:04,0,2018-09-25 01:00:03
325,2018-09-25 03:00:04,0,2018-09-25 02:00:04
326,2018-09-25 04:00:06,0,2018-09-25 03:00:04
327,2018-09-25 05:00:04,0,2018-09-25 04:00:06
328,2018-09-25 06:00:07,0,2018-09-25 05:00:04
329,2018-09-25 07:00:04,0,2018-09-25 06:00:07
330,2018-09-25 08:00:03,0,2018-09-25 07:00:04
331,2018-09-25 09:00:03,0,2018-09-25 08:00:03
332,2018-09-25 10:00:03,0,2018-09-25 09:00:03
333,2018-09-25 11:00:03,0,2018-09-25 10:00:03
334,2018-09-25 12:00:06,0,2018-09-25 11:00:03
335,2018-09-25 13:00:06,0,2018-09-25 12:00:06
336,2018-09-25 14:00:06,0,2018-09-25 13:00:06
337,2018-09-25 15:00:06,0,2018-09-25 14:00:06
338,2018-09-25 16:00:07,0,2018-09-25 15:00:06
339,2018-09-25 17:00:13,0,2018-09-25 16:00:07
340,2018-09-25 18:00:04,0,2018-09-25 17:00:13
341,2018-09-25 19:00:30,0,2018-09-25 18:00:04
342,2018-09-25 20:00:06,0,2018-09-25 19:00:30
343,2018-09-25 21:00:07,0,2018-09-25 20:00:06
344,2018-09-25 22:00:06,0,2018-09-25 21:00:07
345,2018-09-25 23:00:06,0,2018-09-25 22:00:06
346,2018-09-26 00:00:15,0,2018-09-25 23:00:06
347,2018-09-26 01:00:06,0,2018-09-26 00:00:15
348,2018-09-26 02:00:06,0,2018-09-26 01:00:06
349,2018-09-26 03:00:06,0,2018-09-26 02:00:06
350,2018-09-26 04:00:07,0,2018-09-26 03:00:06
351,2018-09-26 05:00:03,0,2018-09-26 04:00:07
352,2018-09-26 06:00:11,0,2018-09-26 05:00:03
353,2018-09-26 07:00:06,0,2018-09-26 06:00:11
354,2018-09-26 08:00:03,0,2018-09-26 07:00:06
355,2018-09-26 09:00:09,0,2018-09-26 08:00:03
356,2018-09-26 10:00:07,0,2018-09-26 09:00:09
357,2018-09-26 11:00:04,0,2018-09-26 10:00:07
358,2018-09-26 12:00:06,0,2018-09-26 11:00:04
359,2018-09-26 13:00:07,0,2018-09-26 12:00:06
360,2018-09-26 14:00:44,0,2018-09-26 13:00:07
361,2018-09-26 15:00:07,0,2018-09-26 14:00:44
362,2018-09-26 16:00:15,18,2018-09-26 15:00:07
363,2018-09-26 17:00:06,743,2018-09-26 16:00:15
364,2018-09-26 18:00:07,566,2018-09-26 17:00:06
365,2018-09-26 19:00:06,458,2018-09-26 18:00:07
366,2018-09-26 20:00:13,49,2018-09-26 19:00:06
367,2018-09-26 21:00:56,0,2018-09-26 20:00:13
368,2018-09-26 22:00:06,0,2018-09-26 21:00:56
369,2018-09-26 23:00:06,0,2018-09-26 22:00:06
370,2018-09-27 00:00:06,0,2018-09-26 23:00:06
371,2018-09-27 01:02:22,0,2018-09-27 00:00:06
372,2018-09-27 02:00:05,0,2018-09-27 01:02:22
373,2018-09-27 03:00:14,0,2018-09-27 02:00:05
374,2018-09-27 04:00:07,0,2018-09-27 03:00:14
375,2018-09-27 05:00:04,0,2018-09-27 04:00:07
376,2018-09-27 06:00:03,0,2018-09-27 05:00:04
377,2018-09-27 07:00:07,0,2018-09-27 06:00:03
378,2018-09-27 08:00:07,0,2018-09-27 07:00:07
379,2018-09-27 09:00:05,0,2018-09-27 08:00:07
380,2018-09-27 10:00:06,0,2018-09-27 09:00:05
381,2018-09-27 11:00:10,0,2018-09-27 10:00:06
382,2018-09-27 12:00:06,0,2018-09-27 11:00:10
383,2018-09-27 13:00:10,0,2018-09-27 12:00:06
384,2018-09-27 14:19:02,0,2018-09-27 13:00:10
385,2018-09-27 15:00:07,0,2018-09-27 14:19:02
386,2018-09-27 16:00:03,80,2018-09-27 15:00:07
387,2018-09-27 17:00:54,449,2018-09-27 16:00:03
388,2018-09-27 18:00:16,719,2018-09-27 17:00:54
389,2018-09-27 19:00:10,778,2018-09-27 18:00:16
390,2018-09-27 20:00:09,677,2018-09-27 19:00:10
391,2018-09-27 21:00:07,79,2018-09-27 20:00:09
392,2018-09-27 22:00:06,0,2018-09-27 21:00:07
393,2018-09-27 23:00:03,0,2018-09-27 22:00:06
394,2018-09-28 00:00:04,0,2018-09-27 23:00:03
395,2018-09-28 01:00:07,0,2018-09-28 00:00:04
396,2018-09-28 02:00:03,0,2018-09-28 01:00:07
397,2018-09-28 03:00:04,0,2018-09-28 02:00:03
398,2018-09-28 04:00:03,0,2018-09-28 03:00:04
399,2018-09-28 05:00:06,0,2018-09-28 04:00:03
400,2018-09-28 06:00:06,0,2018-09-28 05:00:06
401,2018-09-28 07:00:33,0,2018-09-28 06:00:06
402,2018-09-28 08:00:07,0,2018-09-28 07:00:33
403,2018-09-28 09:00:07,0,2018-09-28 08:00:07
404,2018-09-28 10:00:03,0,2018-09-28 09:00:07
405,2018-09-28 11:00:07,0,2018-09-28 10:00:03
406,2018-09-28 12:00:47,0,2018-09-28 11:00:07
407,2018-09-28 13:00:07,0,2018-09-28 12:00:47
408,2018-09-28 14:00:04,0,2018-09-28 13:00:07
409,2018-09-28 15:00:06,0,2018-09-28 14:00:04
410,2018-09-28 16:00:03,0,2018-09-28 15:00:06
411,2018-09-28 17:00:03,0,2018-09-28 16:00:03
412,2018-09-28 18:00:03,0,2018-09-28 17:00:03
413,2018-09-28 19:00:03,0,2018-09-28 18:00:03
414,2018-09-28 20:00:03,0,2018-09-28 19:00:03
415,2018-09-28 21:00:07,0,2018-09-28 20:00:03
416,2018-09-28 22:00:03,0,2018-09-28 21:00:07
417,2018-09-28 23:00:03,0,2018-09-28 22:00:03
418,2018-09-29 00:00:03,0,2018-09-28 23:00:03
419,2018-09-29 01:00:07,0,2018-09-29 00:00:03
420,2018-09-29 02:00:31,0,2018-09-29 01:00:07
421,2018-09-29 03:00:07,0,2018-09-29 02:00:31
422,2018-09-29 04:00:04,0,2018-09-29 03:00:07
423,2018-09-29 05:00:04,0,2018-09-29 04:00:04
424,2018-09-29 06:00:10,0,2018-09-29 05:00:04
425,2018-09-29 07:00:01,0,2018-09-29 06:00:10
426,2018-09-29 08:00:06,0,2018-09-29 07:00:01
427,2018-09-29 09:00:03,0,2018-09-29 08:00:06
428,2018-09-29 10:00:04,0,2018-09-29 09:00:03
429,2018-09-29 11:00:04,0,2018-09-29 10:00:04
430,2018-09-29 12:00:03,0,2018-09-29 11:00:04
431,2018-09-29 13:00:06,0,2018-09-29 12:00:03
432,2018-09-29 14:00:06,0,2018-09-29 13:00:06
433,2018-09-29 15:00:03,0,2018-09-29 14:00:06
434,2018-09-29 16:00:06,0,2018-09-29 15:00:03
435,2018-09-29 17:00:06,0,2018-09-29 16:00:06
436,2018-09-29 18:00:06,0,2018-09-29 17:00:06
437,2018-09-29 19:00:10,0,2018-09-29 18:00:06
438,2018-09-29 20:00:09,0,2018-09-29 19:00:10
439,2018-09-29 21:00:11,0,2018-09-29 20:00:09
440,2018-09-29 22:02:43,0,2018-09-29 21:00:11
441,2018-09-29 23:00:03,0,2018-09-29 22:02:43
442,2018-09-30 00:00:04,0,2018-09-29 23:00:03
443,2018-09-30 01:00:03,0,2018-09-30 00:00:04
444,2018-09-30 02:00:06,0,2018-09-30 01:00:03
445,2018-09-30 03:00:42,0,2018-09-30 02:00:06
446,2018-09-30 04:00:03,0,2018-09-30 03:00:42
447,2018-09-30 05:00:04,0,2018-09-30 04:00:03
448,2018-09-30 06:00:07,0,2018-09-30 05:00:04
449,2018-09-30 07:00:03,0,2018-09-30 06:00:07
450,2018-09-30 08:00:03,0,2018-09-30 07:00:03
451,2018-09-30 09:00:04,0,2018-09-30 08:00:03
452,2018-09-30 10:00:03,0,2018-09-30 09:00:04
453,2018-09-30 11:00:06,0,2018-09-30 10:00:03
454,2018-09-30 12:00:03,0,2018-09-30 11:00:06
455,2018-09-30 13:00:03,0,2018-09-30 12:00:03
456,2018-09-30 14:00:03,0,2018-09-30 13:00:03
457,2018-09-30 15:00:03,0,2018-09-30 14:00:03
458,2018-09-30 16:00:04,0,2018-09-30 15:00:03
459,2018-09-30 17:00:03,0,2018-09-30 16:00:04
460,2018-09-30 18:00:03,0,2018-09-30 17:00:03
461,2018-09-30 19:00:06,0,2018-09-30 18:00:03
462,2018-09-30 20:00:03,0,2018-09-30 19:00:06
463,2018-09-30 21:00:03,0,2018-09-30 20:00:03
464,2018-09-30 22:00:03,0,2018-09-30 21:00:03
465,2018-09-30 23:00:03,0,2018-09-30 22:00:03
466,2018-10-01 00:00:03,0,2018-09-30 23:00:03
467,2018-10-01 01:00:03,0,2018-10-01 00:00:03
468,2018-10-01 02:01:14,0,2018-10-01 01:00:03
469,2018-10-01 03:00:06,0,2018-10-01 02:01:14
470,2018-10-01 04:00:07,0,2018-10-01 03:00:06
471,2018-10-01 05:00:03,0,2018-10-01 04:00:07
472,2018-10-01 06:00:03,0,2018-10-01 05:00:03
473,2018-10-01 07:00:04,0,2018-10-01 06:00:03
474,2018-10-01 08:00:04,0,2018-10-01 07:00:04
475,2018-10-01 09:00:03,0,2018-10-01 08:00:04
476,2018-10-01 10:00:03,0,2018-10-01 09:00:03
477,2018-10-01 11:00:03,0,2018-10-01 10:00:03
478,2018-10-01 12:00:04,0,2018-10-01 11:00:03
479,2018-10-01 13:00:04,0,2018-10-01 12:00:04
480,2018-10-01 14:00:06,0,2018-10-01 13:00:04
481,2018-10-01 15:00:08,0,2018-10-01 14:00:06
482,2018-10-01 16:00:03,0,2018-10-01 15:00:08
483,2018-10-01 17:00:03,0,2018-10-01 16:00:03
484,2018-10-01 18:00:03,0,2018-10-01 17:00:03
485,2018-10-01 19:00:03,0,2018-10-01 18:00:03
486,2018-10-01 20:00:13,0,2018-10-01 19:00:03
487,2018-10-01 21:00:04,0,2018-10-01 20:00:13
488,2018-10-01 22:00:03,0,2018-10-01 21:00:04
489,2018-10-01 23:00:03,0,2018-10-01 22:00:03
490,2018-10-02 00:00:03,0,2018-10-01 23:00:03
491,2018-10-02 01:00:04,0,2018-10-02 00:00:03
492,2018-10-02 02:00:06,0,2018-10-02 01:00:04
493,2018-10-19 11:14:31,0,2018-10-02 02:00:06
494,2018-10-19 12:00:51,0,2018-10-19 11:14:31
495,2018-10-19 13:00:03,0,2018-10-19 12:00:51
496,2018-10-19 14:00:07,0,2018-10-19 13:00:03
497,2018-10-19 15:00:03,0,2018-10-19 14:00:07
498,2018-10-19 16:00:06,0,2018-10-19 15:00:03
499,2018-10-19 17:00:06,0,2018-10-19 16:00:06
500,2018-10-19 18:00:03,0,2018-10-19 17:00:06
501,2018-10-19 19:00:07,0,2018-10-19 18:00:03
502,2018-10-19 20:00:04,0,2018-10-19 19:00:07
503,2018-10-19 21:00:03,0,2018-10-19 20:00:04
504,2018-10-19 22:00:08,0,2018-10-19 21:00:03
505,2018-10-19 23:00:04,0,2018-10-19 22:00:08
506,2018-10-20 00:02:14,0,2018-10-19 23:00:04
507,2018-10-20 01:00:03,0,2018-10-20 00:02:14
508,2018-10-20 02:00:10,0,2018-10-20 01:00:03
509,2018-10-20 03:00:03,0,2018-10-20 02:00:10
510,2018-10-20 04:00:03,0,2018-10-20 03:00:03
511,2018-10-20 05:00:06,0,2018-10-20 04:00:03
512,2018-10-20 06:00:04,0,2018-10-20 05:00:06
513,2018-10-20 07:00:03,0,2018-10-20 06:00:04
514,2018-10-20 08:00:06,0,2018-10-20 07:00:03
515,2018-10-20 09:00:03,0,2018-10-20 08:00:06
516,2018-10-20 10:00:06,0,2018-10-20 09:00:03
517,2018-10-20 11:00:06,0,2018-10-20 10:00:06
518,2018-10-20 12:00:06,0,2018-10-20 11:00:06
519,2018-10-20 13:00:03,0,2018-10-20 12:00:06
520,2018-10-20 14:00:06,0,2018-10-20 13:00:03
521,2018-10-20 15:00:10,0,2018-10-20 14:00:06
522,2018-10-20 16:00:10,0,2018-10-20 15:00:10
523,2018-10-20 17:00:03,0,2018-10-20 16:00:10
524,2018-10-20 18:00:03,0,2018-10-20 17:00:03
525,2018-10-20 19:00:03,0,2018-10-20 18:00:03
526,2018-10-20 20:00:03,0,2018-10-20 19:00:03
527,2018-10-20 21:00:05,0,2018-10-20 20:00:03
528,2018-10-20 22:00:06,0,2018-10-20 21:00:05
529,2018-10-20 23:00:03,0,2018-10-20 22:00:06
530,2018-10-21 00:00:03,0,2018-10-20 23:00:03
531,2018-10-21 01:00:07,0,2018-10-21 00:00:03
532,2018-10-21 02:00:06,0,2018-10-21 01:00:07
533,2018-10-21 03:00:00,0,2018-10-21 02:00:06
534,2018-10-21 04:00:04,0,2018-10-21 03:00:00
535,2018-10-21 05:00:04,0,2018-10-21 04:00:04
536,2018-10-21 06:04:05,0,2018-10-21 05:00:04
537,2018-10-21 07:00:04,0,2018-10-21 06:04:05
538,2018-10-21 08:00:06,0,2018-10-21 07:00:04
539,2018-10-21 09:00:04,0,2018-10-21 08:00:06
540,2018-10-21 10:00:03,0,2018-10-21 09:00:04
541,2018-10-21 11:00:06,0,2018-10-21 10:00:03
542,2018-10-21 12:00:07,0,2018-10-21 11:00:06
543,2018-10-21 13:00:40,0,2018-10-21 12:00:07
544,2018-10-21 14:00:10,0,2018-10-21 13:00:40
545,2018-10-21 15:00:06,0,2018-10-21 14:00:10
546,2018-10-21 16:00:04,0,2018-10-21 15:00:06
547,2018-10-21 17:00:03,0,2018-10-21 16:00:04
548,2018-10-21 18:00:03,0,2018-10-21 17:00:03
549,2018-10-21 19:00:03,0,2018-10-21 18:00:03
550,2018-10-21 20:00:03,0,2018-10-21 19:00:03
551,2018-10-21 21:00:06,0,2018-10-21 20:00:03
552,2018-10-21 22:00:06,0,2018-10-21 21:00:06
553,2018-10-21 23:00:07,0,2018-10-21 22:00:06
554,2018-10-22 00:00:03,0,2018-10-21 23:00:07
555,2018-10-22 01:00:04,0,2018-10-22 00:00:03
556,2018-10-22 02:00:10,0,2018-10-22 01:00:04
557,2018-10-22 03:00:06,0,2018-10-22 02:00:10
558,2018-10-22 04:00:04,0,2018-10-22 03:00:06
559,2018-10-22 05:00:04,0,2018-10-22 04:00:04
560,2018-10-22 06:00:11,0,2018-10-22 05:00:04
561,2018-10-22 07:00:03,0,2018-10-22 06:00:11
562,2018-10-22 08:00:03,0,2018-10-22 07:00:03
563,2018-10-22 09:00:27,0,2018-10-22 08:00:03
564,2018-10-22 10:00:03,0,2018-10-22 09:00:27
565,2018-10-22 11:00:06,0,2018-10-22 10:00:03
566,2018-10-22 12:00:12,0,2018-10-22 11:00:06
567,2018-10-22 13:00:07,0,2018-10-22 12:00:12
568,2018-10-22 14:00:03,0,2018-10-22 13:00:07
569,2018-10-22 15:00:11,0,2018-10-22 14:00:03
570,2018-10-22 16:00:06,0,2018-10-22 15:00:11
571,2018-10-22 17:00:06,0,2018-10-22 16:00:06
572,2018-10-22 18:00:03,0,2018-10-22 17:00:06
573,2018-10-22 19:00:13,0,2018-10-22 18:00:03
574,2018-10-22 20:00:04,0,2018-10-22 19:00:13
575,2018-10-22 21:00:05,0,2018-10-22 20:00:04
576,2018-10-22 22:00:03,0,2018-10-22 21:00:05
577,2018-10-22 23:00:07,0,2018-10-22 22:00:03
578,2018-10-23 00:00:03,0,2018-10-22 23:00:07
579,2018-10-23 01:00:06,0,2018-10-23 00:00:03
580,2018-10-23 02:00:24,0,2018-10-23 01:00:06
581,2018-10-23 03:00:03,0,2018-10-23 02:00:24
582,2018-10-23 04:00:03,0,2018-10-23 03:00:03
583,2018-10-23 05:00:03,0,2018-10-23 04:00:03
584,2018-10-23 06:00:03,0,2018-10-23 05:00:03
585,2018-10-23 07:00:03,0,2018-10-23 06:00:03
586,2018-10-23 08:00:04,0,2018-10-23 07:00:03
587,2018-10-23 09:00:03,0,2018-10-23 08:00:04
588,2018-10-23 10:00:04,0,2018-10-23 09:00:03
589,2018-10-23 11:00:07,0,2018-10-23 10:00:04
590,2018-10-23 12:00:08,0,2018-10-23 11:00:07
591,2018-10-23 13:00:03,0,2018-10-23 12:00:08
592,2018-10-23 14:00:06,0,2018-10-23 13:00:03
593,2018-10-23 15:00:03,0,2018-10-23 14:00:06
594,2018-10-23 16:00:07,0,2018-10-23 15:00:03
595,2018-10-23 17:00:10,0,2018-10-23 16:00:07
596,2018-10-23 18:00:07,0,2018-10-23 17:00:10
597,2018-10-23 19:00:03,0,2018-10-23 18:00:07
598,2018-10-23 20:00:12,0,2018-10-23 19:00:03
599,2018-10-23 21:00:04,0,2018-10-23 20:00:12
600,2018-10-23 22:00:03,0,2018-10-23 21:00:04
601,2018-10-23 23:00:03,0,2018-10-23 22:00:03
602,2018-10-24 00:00:05,0,2018-10-23 23:00:03
603,2018-10-24 01:00:04,0,2018-10-24 00:00:05
604,2018-10-24 02:00:06,0,2018-10-24 01:00:04
605,2018-10-24 03:00:07,0,2018-10-24 02:00:06
606,2018-10-24 04:00:07,0,2018-10-24 03:00:07
607,2018-10-24 05:00:06,0,2018-10-24 04:00:07
608,2018-10-24 06:00:13,0,2018-10-24 05:00:06
609,2018-10-24 07:00:07,0,2018-10-24 06:00:13
610,2018-10-24 08:00:04,0,2018-10-24 07:00:07
611,2018-10-24 09:00:04,0,2018-10-24 08:00:04
612,2018-10-24 10:00:05,0,2018-10-24 09:00:04
613,2018-10-24 11:00:06,0,2018-10-24 10:00:05
614,2018-10-24 12:00:03,0,2018-10-24 11:00:06
615,2018-10-24 13:23:40,0,2018-10-24 12:00:03
616,2018-10-24 14:00:06,0,2018-10-24 13:23:40
617,2018-10-24 15:00:07,0,2018-10-24 14:00:06
618,2018-10-24 16:00:03,0,2018-10-24 15:00:07
619,2018-10-24 17:00:03,0,2018-10-24 16:00:03
620,2018-10-24 18:00:04,0,2018-10-24 17:00:03
621,2018-10-24 19:00:07,0,2018-10-24 18:00:04
622,2018-10-24 20:00:06,0,2018-10-24 19:00:07
623,2018-10-24 21:00:03,0,2018-10-24 20:00:06
624,2018-10-24 22:00:04,0,2018-10-24 21:00:03
625,2018-10-24 23:00:06,0,2018-10-24 22:00:04
626,2018-10-25 00:00:06,0,2018-10-24 23:00:06
627,2018-10-25 01:00:07,0,2018-10-25 00:00:06
628,2018-10-25 02:00:10,0,2018-10-25 01:00:07
629,2018-10-25 03:00:10,0,2018-10-25 02:00:10
630,2018-10-25 04:00:03,0,2018-10-25 03:00:10
631,2018-10-25 05:00:03,0,2018-10-25 04:00:03
632,2018-10-25 06:00:06,0,2018-10-25 05:00:03
633,2018-10-25 07:00:03,0,2018-10-25 06:00:06
634,2018-10-25 08:00:03,0,2018-10-25 07:00:03
635,2018-10-25 09:00:03,0,2018-10-25 08:00:03
636,2018-10-25 10:00:04,0,2018-10-25 09:00:03
637,2018-10-25 11:00:07,0,2018-10-25 10:00:04
638,2018-10-25 12:00:07,0,2018-10-25 11:00:07
639,2018-10-25 13:00:06,0,2018-10-25 12:00:07
640,2018-10-25 14:00:07,0,2018-10-25 13:00:06
641,2018-10-25 15:00:07,0,2018-10-25 14:00:07
642,2018-10-25 16:01:50,0,2018-10-25 15:00:07
643,2018-10-25 17:00:04,0,2018-10-25 16:01:50
644,2018-10-25 18:00:04,0,2018-10-25 17:00:04
645,2018-10-25 19:00:09,0,2018-10-25 18:00:04
646,2018-10-25 20:00:05,0,2018-10-25 19:00:09
647,2018-10-25 21:00:06,0,2018-10-25 20:00:05
648,2018-10-25 22:00:03,0,2018-10-25 21:00:06
649,2018-10-25 23:00:39,0,2018-10-25 22:00:03
650,2018-10-26 00:00:06,0,2018-10-25 23:00:39
651,2018-10-26 01:00:10,0,2018-10-26 00:00:06
652,2018-10-26 02:00:07,0,2018-10-26 01:00:10
653,2018-10-26 03:00:04,0,2018-10-26 02:00:07
654,2018-10-26 04:00:18,0,2018-10-26 03:00:04
655,2018-10-26 05:00:04,0,2018-10-26 04:00:18
656,2018-10-26 06:00:03,0,2018-10-26 05:00:04
657,2018-10-26 07:00:04,0,2018-10-26 06:00:03
658,2018-10-26 08:00:09,0,2018-10-26 07:00:04
659,2018-10-26 09:00:04,0,2018-10-26 08:00:09
660,2018-10-26 10:00:04,0,2018-10-26 09:00:04
661,2018-10-26 11:01:34,0,2018-10-26 10:00:04
662,2018-10-26 12:00:06,0,2018-10-26 11:01:34
663,2018-10-26 13:00:06,0,2018-10-26 12:00:06
664,2018-10-26 14:00:03,0,2018-10-26 13:00:06
665,2018-10-26 15:00:12,0,2018-10-26 14:00:03
666,2018-10-26 16:03:03,0,2018-10-26 15:00:12
667,2018-10-26 17:00:12,0,2018-10-26 16:03:03
668,2018-10-26 18:00:05,0,2018-10-26 17:00:12
669,2018-10-26 19:10:45,0,2018-10-26 18:00:05
670,2018-10-26 20:01:06,0,2018-10-26 19:10:45
671,2018-10-26 21:00:06,0,2018-10-26 20:01:06
672,2018-10-26 22:00:08,0,2018-10-26 21:00:06
673,2018-10-26 23:00:07,0,2018-10-26 22:00:08
674,2018-10-27 00:00:03,419,2018-10-26 23:00:07
675,2018-10-27 01:00:07,427,2018-10-27 00:00:03
676,2018-10-27 02:00:06,420,2018-10-27 01:00:07
677,2018-10-27 03:00:03,358,2018-10-27 02:00:06
678,2018-10-27 04:00:10,65,2018-10-27 03:00:03
679,2018-10-27 05:00:03,0,2018-10-27 04:00:10
680,2018-10-27 06:00:31,0,2018-10-27 05:00:03
681,2018-10-27 07:00:03,0,2018-10-27 06:00:31
682,2018-10-27 08:00:03,0,2018-10-27 07:00:03
683,2018-10-27 09:00:07,0,2018-10-27 08:00:03
684,2018-10-27 10:00:55,0,2018-10-27 09:00:07
685,2018-10-27 11:00:06,0,2018-10-27 10:00:55
686,2018-10-27 12:00:07,0,2018-10-27 11:00:06
687,2018-10-27 13:02:16,0,2018-10-27 12:00:07
688,2018-10-27 14:00:04,0,2018-10-27 13:02:16
689,2018-10-27 15:00:03,0,2018-10-27 14:00:04
690,2018-10-27 16:00:03,0,2018-10-27 15:00:03
691,2018-10-27 17:00:03,0,2018-10-27 16:00:03
692,2018-10-27 18:00:03,0,2018-10-27 17:00:03
693,2018-10-27 19:00:06,28,2018-10-27 18:00:03
694,2018-10-27 20:00:04,95,2018-10-27 19:00:06
695,2018-10-27 21:00:15,443,2018-10-27 20:00:04
696,2018-10-27 22:00:07,434,2018-10-27 21:00:15
697,2018-10-27 23:00:19,326,2018-10-27 22:00:07
698,2018-10-28 00:00:15,481,2018-10-27 23:00:19
699,2018-10-28 01:00:05,485,2018-10-28 00:00:15
700,2018-10-28 02:00:03,102,2018-10-28 01:00:05
701,2018-10-28 03:00:03,0,2018-10-28 02:00:03
702,2018-10-28 04:00:09,0,2018-10-28 03:00:03
703,2018-10-28 05:00:03,0,2018-10-28 04:00:09
704,2018-10-28 06:00:03,0,2018-10-28 05:00:03
705,2018-10-28 07:00:03,0,2018-10-28 06:00:03
706,2018-10-28 08:00:06,1,2018-10-28 07:00:03
707,2018-10-28 09:00:24,0,2018-10-28 08:00:06
708,2018-10-28 10:00:06,0,2018-10-28 09:00:24
709,2018-10-28 11:00:04,0,2018-10-28 10:00:06
710,2018-10-28 12:00:03,0,2018-10-28 11:00:04
711,2018-10-28 13:00:11,0,2018-10-28 12:00:03
712,2018-10-28 14:00:42,0,2018-10-28 13:00:11
713,2018-10-28 15:00:04,0,2018-10-28 14:00:42
714,2018-10-28 16:00:17,0,2018-10-28 15:00:04
715,2018-10-28 17:00:06,0,2018-10-28 16:00:17
716,2018-10-28 18:00:06,0,2018-10-28 17:00:06
717,2018-10-28 19:00:18,0,2018-10-28 18:00:06
718,2018-10-28 20:00:04,0,2018-10-28 19:00:18
719,2018-10-28 21:00:18,0,2018-10-28 20:00:04
720,2018-10-28 22:00:05,0,2018-10-28 21:00:18
721,2018-10-28 23:00:07,0,2018-10-28 22:00:05
722,2018-10-29 00:00:03,0,2018-10-28 23:00:07
723,2018-10-29 01:00:09,0,2018-10-29 00:00:03
724,2018-10-29 02:00:10,0,2018-10-29 01:00:09
725,2018-10-29 03:00:47,0,2018-10-29 02:00:10
726,2018-10-29 04:00:06,0,2018-10-29 03:00:47
727,2018-10-29 05:00:10,0,2018-10-29 04:00:06
728,2018-10-29 06:00:03,0,2018-10-29 05:00:10
729,2018-10-29 07:00:03,0,2018-10-29 06:00:03
730,2018-10-29 08:00:05,0,2018-10-29 07:00:03
731,2018-10-29 09:00:07,0,2018-10-29 08:00:05
732,2018-10-29 10:00:05,0,2018-10-29 09:00:07
733,2018-10-29 11:00:03,0,2018-10-29 10:00:05
734,2018-10-29 12:00:03,0,2018-10-29 11:00:03
735,2018-10-29 13:00:03,0,2018-10-29 12:00:03
736,2018-10-29 14:00:04,0,2018-10-29 13:00:03
737,2018-10-29 15:00:11,0,2018-10-29 14:00:04
738,2018-10-29 16:00:15,0,2018-10-29 15:00:11
739,2018-10-29 17:00:03,0,2018-10-29 16:00:15
740,2018-10-29 18:00:03,0,2018-10-29 17:00:03
741,2018-10-29 19:00:04,0,2018-10-29 18:00:03
742,2018-10-29 20:00:03,0,2018-10-29 19:00:04
743,2018-10-29 21:00:03,0,2018-10-29 20:00:03
744,2018-10-29 22:00:03,0,2018-10-29 21:00:03
745,2018-10-29 23:00:03,0,2018-10-29 22:00:03
746,2018-10-30 00:00:04,0,2018-10-29 23:00:03
747,2018-10-30 01:00:07,0,2018-10-30 00:00:04
748,2018-10-30 02:00:08,0,2018-10-30 01:00:07
749,2018-10-30 03:00:11,0,2018-10-30 02:00:08
750,2018-10-30 04:00:03,0,2018-10-30 03:00:11
751,2018-10-30 05:00:03,0,2018-10-30 04:00:03
752,2018-10-30 06:00:15,0,2018-10-30 05:00:03
753,2018-10-30 07:00:03,0,2018-10-30 06:00:15
754,2018-10-30 08:00:03,0,2018-10-30 07:00:03
755,2018-10-30 09:00:18,0,2018-10-30 08:00:03
756,2018-10-30 10:00:27,0,2018-10-30 09:00:18
757,2018-10-30 11:00:03,0,2018-10-30 10:00:27
758,2018-10-30 12:00:05,0,2018-10-30 11:00:03
759,2018-10-30 13:00:03,0,2018-10-30 12:00:05
760,2018-10-30 14:00:09,0,2018-10-30 13:00:03
761,2018-10-30 15:00:06,0,2018-10-30 14:00:09
762,2018-10-30 16:00:07,0,2018-10-30 15:00:06
763,2018-10-30 17:00:03,0,2018-10-30 16:00:07
764,2018-10-30 18:00:04,0,2018-10-30 17:00:03
765,2018-10-30 19:00:03,0,2018-10-30 18:00:04
766,2018-10-30 20:00:07,0,2018-10-30 19:00:03
767,2018-10-30 21:00:15,0,2018-10-30 20:00:07
768,2018-10-30 22:00:03,0,2018-10-30 21:00:15
769,2018-10-30 23:00:07,0,2018-10-30 22:00:03
770,2018-10-31 00:00:03,0,2018-10-30 23:00:07
771,2018-10-31 01:00:04,0,2018-10-31 00:00:03
772,2018-10-31 02:00:09,0,2018-10-31 01:00:04
773,2018-10-31 03:00:11,0,2018-10-31 02:00:09
774,2018-10-31 04:00:10,0,2018-10-31 03:00:11
775,2018-10-31 05:00:03,0,2018-10-31 04:00:10
776,2018-10-31 06:00:06,0,2018-10-31 05:00:03
777,2018-10-31 07:00:03,0,2018-10-31 06:00:06
778,2018-10-31 08:00:06,0,2018-10-31 07:00:03
779,2018-10-31 09:00:03,0,2018-10-31 08:00:06
780,2018-10-31 10:00:03,0,2018-10-31 09:00:03
781,2018-10-31 11:00:46,0,2018-10-31 10:00:03
782,2018-10-31 12:00:06,0,2018-10-31 11:00:46
783,2018-10-31 13:00:26,0,2018-10-31 12:00:06
784,2018-10-31 14:00:23,0,2018-10-31 13:00:26
785,2018-10-31 15:07:20,0,2018-10-31 14:00:23
786,2018-10-31 16:00:06,0,2018-10-31 15:07:20
787,2018-10-31 17:13:06,0,2018-10-31 16:00:06
788,2018-10-31 18:00:07,0,2018-10-31 17:13:06
789,2018-10-31 19:00:03,0,2018-10-31 18:00:07
790,2018-10-31 20:00:07,0,2018-10-31 19:00:03
791,2018-10-31 21:00:03,0,2018-10-31 20:00:07
792,2018-10-31 22:00:07,0,2018-10-31 21:00:03
793,2018-10-31 23:00:03,0,2018-10-31 22:00:07
794,2018-11-01 00:00:07,0,2018-10-31 23:00:03
795,2018-11-01 01:00:03,0,2018-11-01 00:00:07
796,2018-11-01 02:00:06,0,2018-11-01 01:00:03
797,2018-11-01 03:00:03,0,2018-11-01 02:00:06
798,2018-11-01 04:00:03,0,2018-11-01 03:00:03
799,2018-11-01 05:00:07,0,2018-11-01 04:00:03
800,2018-11-01 06:00:04,0,2018-11-01 05:00:07
801,2018-11-01 07:00:08,0,2018-11-01 06:00:04
802,2018-11-01 08:00:04,0,2018-11-01 07:00:08
803,2018-11-01 09:00:31,0,2018-11-01 08:00:04
804,2018-11-01 10:00:05,0,2018-11-01 09:00:31
805,2018-11-01 11:00:04,0,2018-11-01 10:00:05
806,2018-11-01 12:00:04,0,2018-11-01 11:00:04
807,2018-11-01 13:00:04,0,2018-11-01 12:00:04
808,2018-11-01 14:00:07,0,2018-11-01 13:00:04
809,2018-11-01 15:00:07,0,2018-11-01 14:00:07
810,2018-11-01 16:00:04,0,2018-11-01 15:00:07
811,2018-11-01 17:00:09,0,2018-11-01 16:00:04
812,2018-11-01 18:00:52,0,2018-11-01 17:00:09
813,2018-11-01 19:00:03,0,2018-11-01 18:00:52
814,2018-11-01 20:00:03,0,2018-11-01 19:00:03
815,2018-11-01 21:00:03,0,2018-11-01 20:00:03
816,2018-11-01 22:00:04,0,2018-11-01 21:00:03
817,2018-11-01 23:00:03,0,2018-11-01 22:00:04
818,2018-11-02 00:00:04,0,2018-11-01 23:00:03
819,2018-11-02 01:00:04,0,2018-11-02 00:00:04
820,2018-11-02 02:00:04,0,2018-11-02 01:00:04
821,2018-11-02 03:00:04,0,2018-11-02 02:00:04
822,2018-11-02 04:00:03,0,2018-11-02 03:00:04
823,2018-11-02 05:00:12,0,2018-11-02 04:00:03
824,2018-11-02 06:00:04,0,2018-11-02 05:00:12
825,2018-11-02 07:00:03,0,2018-11-02 06:00:04
826,2018-11-02 08:00:07,0,2018-11-02 07:00:03
827,2018-11-02 09:00:06,0,2018-11-02 08:00:07
828,2018-11-02 10:00:08,0,2018-11-02 09:00:06
829,2018-11-02 11:00:03,0,2018-11-02 10:00:08
830,2018-11-02 12:00:06,0,2018-11-02 11:00:03
831,2018-11-02 13:00:03,0,2018-11-02 12:00:06
832,2018-11-02 14:00:06,0,2018-11-02 13:00:03
833,2018-11-02 15:00:07,0,2018-11-02 14:00:06
834,2018-11-02 16:00:03,0,2018-11-02 15:00:07
835,2018-11-02 17:00:04,0,2018-11-02 16:00:03
836,2018-11-02 18:00:05,0,2018-11-02 17:00:04
837,2018-11-02 19:00:04,0,2018-11-02 18:00:05
838,2018-11-02 20:00:07,0,2018-11-02 19:00:04
839,2018-11-02 21:00:03,0,2018-11-02 20:00:07
840,2018-11-02 22:00:10,0,2018-11-02 21:00:03
841,2018-11-02 23:00:05,0,2018-11-02 22:00:10
842,2018-11-03 00:00:05,0,2018-11-02 23:00:05
843,2018-11-03 01:00:04,0,2018-11-03 00:00:05
844,2018-11-03 02:01:02,0,2018-11-03 01:00:04
845,2018-11-03 03:00:04,0,2018-11-03 02:01:02
846,2018-11-03 04:00:03,0,2018-11-03 03:00:04
847,2018-11-03 05:00:03,0,2018-11-03 04:00:03
848,2018-11-03 06:00:03,0,2018-11-03 05:00:03
849,2018-11-03 07:00:04,0,2018-11-03 06:00:03
850,2018-11-03 08:00:03,0,2018-11-03 07:00:04
851,2018-11-03 09:00:16,0,2018-11-03 08:00:03
852,2018-11-03 10:00:18,0,2018-11-03 09:00:16
853,2018-11-03 11:00:07,0,2018-11-03 10:00:18
854,2018-11-03 12:00:06,0,2018-11-03 11:00:07
855,2018-11-03 13:00:33,0,2018-11-03 12:00:06
856,2018-11-03 14:00:08,0,2018-11-03 13:00:33
857,2018-11-03 15:01:35,0,2018-11-03 14:00:08
858,2018-11-03 16:00:04,0,2018-11-03 15:01:35
859,2018-11-03 17:00:23,0,2018-11-03 16:00:04
860,2018-11-03 18:00:04,0,2018-11-03 17:00:23
861,2018-11-03 19:00:09,0,2018-11-03 18:00:04
862,2018-11-03 20:00:04,0,2018-11-03 19:00:09
863,2018-11-03 21:00:03,0,2018-11-03 20:00:04
864,2018-11-03 22:00:03,0,2018-11-03 21:00:03
865,2018-11-03 23:00:16,0,2018-11-03 22:00:03
866,2018-11-04 00:00:11,0,2018-11-03 23:00:16
867,2018-11-04 01:00:04,0,2018-11-04 00:00:11
868,2018-11-04 02:00:04,0,2018-11-04 01:00:04
869,2018-11-04 03:00:10,0,2018-11-04 02:00:04
870,2018-11-04 04:01:40,0,2018-11-04 03:00:10
871,2018-11-04 05:00:03,0,2018-11-04 04:01:40
872,2018-11-04 06:00:03,0,2018-11-04 05:00:03
873,2018-11-04 07:00:03,0,2018-11-04 06:00:03
874,2018-11-04 08:00:05,0,2018-11-04 07:00:03
875,2018-11-04 09:00:05,0,2018-11-04 08:00:05
876,2018-11-04 10:00:03,0,2018-11-04 09:00:05
877,2018-11-04 11:00:06,0,2018-11-04 10:00:03
878,2018-11-04 12:00:07,0,2018-11-04 11:00:06
879,2018-11-04 13:00:03,0,2018-11-04 12:00:07
880,2018-11-04 14:00:06,0,2018-11-04 13:00:03
881,2018-11-04 15:00:07,0,2018-11-04 14:00:06
882,2018-11-04 16:00:03,0,2018-11-04 15:00:07
883,2018-11-04 17:00:41,0,2018-11-04 16:00:03
884,2018-11-04 18:00:04,0,2018-11-04 17:00:41
885,2018-11-04 19:00:15,0,2018-11-04 18:00:04
886,2018-11-04 20:00:03,0,2018-11-04 19:00:15
887,2018-11-04 21:00:03,0,2018-11-04 20:00:03
888,2018-11-04 22:00:05,0,2018-11-04 21:00:03
889,2018-11-04 23:00:03,0,2018-11-04 22:00:05
890,2018-11-05 00:00:09,0,2018-11-04 23:00:03
891,2018-11-05 01:00:06,0,2018-11-05 00:00:09
892,2018-11-05 02:00:10,0,2018-11-05 01:00:06
893,2018-11-05 03:00:04,0,2018-11-05 02:00:10
894,2018-11-05 04:00:06,0,2018-11-05 03:00:04
895,2018-11-05 05:00:03,0,2018-11-05 04:00:06
896,2018-11-05 06:00:04,0,2018-11-05 05:00:03
897,2018-11-05 07:00:03,0,2018-11-05 06:00:04
898,2018-11-05 08:00:03,0,2018-11-05 07:00:03
899,2018-11-05 09:00:03,0,2018-11-05 08:00:03
900,2018-11-05 10:00:03,0,2018-11-05 09:00:03
901,2018-11-05 11:00:03,0,2018-11-05 10:00:03
902,2018-11-05 12:00:03,0,2018-11-05 11:00:03
903,2018-11-05 13:00:03,0,2018-11-05 12:00:03
904,2018-11-05 14:00:03,0,2018-11-05 13:00:03
905,2018-11-05 15:01:40,0,2018-11-05 14:00:03
906,2018-11-05 16:00:15,0,2018-11-05 15:01:40
907,2018-11-05 17:00:03,0,2018-11-05 16:00:15
908,2018-11-05 18:00:03,0,2018-11-05 17:00:03
909,2018-11-05 19:00:03,0,2018-11-05 18:00:03
910,2018-11-05 20:00:16,0,2018-11-05 19:00:03
911,2018-11-05 21:00:04,0,2018-11-05 20:00:16
912,2018-11-05 22:00:03,0,2018-11-05 21:00:04
913,2018-11-05 23:00:03,0,2018-11-05 22:00:03
914,2018-11-06 00:00:07,0,2018-11-05 23:00:03
915,2018-11-06 01:00:07,0,2018-11-06 00:00:07
916,2018-11-06 02:00:10,0,2018-11-06 01:00:07
917,2018-11-06 03:00:07,0,2018-11-06 02:00:10
918,2018-11-06 04:00:04,0,2018-11-06 03:00:07
919,2018-11-06 05:00:07,0,2018-11-06 04:00:04
920,2018-11-06 06:00:09,0,2018-11-06 05:00:07
921,2018-11-06 07:00:07,0,2018-11-06 06:00:09
922,2018-11-06 08:00:14,0,2018-11-06 07:00:07
923,2018-11-06 09:00:03,0,2018-11-06 08:00:14
924,2018-11-06 10:00:04,0,2018-11-06 09:00:03
925,2018-11-06 11:00:04,0,2018-11-06 10:00:04
926,2018-11-06 12:00:03,0,2018-11-06 11:00:04
927,2018-11-06 13:00:19,0,2018-11-06 12:00:03
928,2018-11-06 14:00:04,0,2018-11-06 13:00:19
929,2018-11-06 15:00:06,0,2018-11-06 14:00:04
930,2018-11-06 16:00:03,0,2018-11-06 15:00:06
931,2018-11-06 17:00:11,0,2018-11-06 16:00:03
932,2018-11-06 18:00:12,0,2018-11-06 17:00:11
933,2018-11-06 19:00:07,0,2018-11-06 18:00:12
934,2018-11-06 20:00:07,0,2018-11-06 19:00:07
935,2018-11-06 21:00:19,0,2018-11-06 20:00:07
936,2018-11-06 22:00:20,0,2018-11-06 21:00:19
937,2018-11-06 23:00:03,0,2018-11-06 22:00:20
938,2018-11-07 00:00:07,0,2018-11-06 23:00:03
939,2018-11-07 01:00:09,0,2018-11-07 00:00:07
940,2018-11-07 02:00:08,0,2018-11-07 01:00:09
941,2018-11-07 03:00:12,0,2018-11-07 02:00:08
942,2018-11-07 04:00:11,0,2018-11-07 03:00:12
943,2018-11-07 05:04:35,0,2018-11-07 04:00:11
944,2018-11-07 06:00:04,0,2018-11-07 05:04:35
945,2018-11-07 07:00:05,0,2018-11-07 06:00:04
946,2018-11-07 08:00:04,0,2018-11-07 07:00:05
947,2018-11-07 09:00:03,0,2018-11-07 08:00:04
948,2018-11-07 10:00:05,0,2018-11-07 09:00:03
949,2018-11-07 11:00:03,0,2018-11-07 10:00:05
950,2018-11-07 12:00:03,0,2018-11-07 11:00:03
951,2018-11-07 13:00:03,0,2018-11-07 12:00:03
952,2018-11-07 14:00:22,0,2018-11-07 13:00:03
953,2018-11-07 15:04:16,0,2018-11-07 14:00:22
954,2018-11-07 16:05:22,0,2018-11-07 15:04:16
955,2018-11-07 17:00:35,0,2018-11-07 16:05:22
956,2018-11-07 18:00:29,0,2018-11-07 17:00:35
957,2018-11-07 19:00:03,0,2018-11-07 18:00:29
958,2018-11-07 20:00:06,0,2018-11-07 19:00:03
959,2018-11-07 21:00:03,0,2018-11-07 20:00:06
960,2018-11-07 22:00:09,0,2018-11-07 21:00:03
961,2018-11-07 23:00:05,0,2018-11-07 22:00:09
962,2018-11-08 00:00:03,0,2018-11-07 23:00:05
963,2018-11-08 01:00:03,0,2018-11-08 00:00:03
964,2018-11-08 02:00:08,0,2018-11-08 01:00:03
965,2018-11-08 03:00:07,0,2018-11-08 02:00:08
966,2018-11-08 04:00:07,0,2018-11-08 03:00:07
967,2018-11-08 05:00:03,0,2018-11-08 04:00:07
968,2018-11-08 06:00:04,0,2018-11-08 05:00:03
969,2018-11-08 07:00:09,0,2018-11-08 06:00:04
970,2018-11-08 08:00:04,0,2018-11-08 07:00:09
971,2018-11-08 09:00:04,0,2018-11-08 08:00:04
972,2018-11-08 10:00:03,0,2018-11-08 09:00:04
973,2018-11-08 11:00:03,0,2018-11-08 10:00:03
974,2018-11-08 12:00:07,0,2018-11-08 11:00:03
975,2018-11-08 13:00:03,0,2018-11-08 12:00:07
976,2018-11-08 14:07:55,0,2018-11-08 13:00:03
977,2018-11-08 15:00:10,0,2018-11-08 14:07:55
978,2018-11-08 16:00:03,0,2018-11-08 15:00:10
979,2018-11-08 17:00:07,0,2018-11-08 16:00:03
980,2018-11-08 18:19:08,0,2018-11-08 17:00:07
981,2018-11-08 19:00:15,0,2018-11-08 18:19:08
982,2018-11-08 20:00:03,0,2018-11-08 19:00:15
983,2018-11-08 21:00:14,0,2018-11-08 20:00:03
984,2018-11-08 22:00:03,0,2018-11-08 21:00:14
985,2018-11-08 23:00:07,0,2018-11-08 22:00:03
986,2018-11-09 00:23:49,0,2018-11-08 23:00:07
987,2018-11-09 01:00:09,0,2018-11-09 00:23:49
988,2018-11-09 02:00:10,0,2018-11-09 01:00:09
989,2018-11-09 03:00:11,0,2018-11-09 02:00:10
990,2018-11-09 04:00:03,0,2018-11-09 03:00:11
991,2018-11-09 05:00:08,0,2018-11-09 04:00:03
992,2018-11-09 06:00:06,0,2018-11-09 05:00:08
993,2018-11-09 07:00:03,0,2018-11-09 06:00:06
994,2018-11-09 08:00:18,0,2018-11-09 07:00:03
995,2018-11-09 09:00:03,0,2018-11-09 08:00:18
996,2018-11-09 10:00:04,0,2018-11-09 09:00:03
997,2018-11-09 11:00:07,0,2018-11-09 10:00:04
998,2018-11-09 12:00:03,0,2018-11-09 11:00:07
999,2018-11-09 13:00:03,0,2018-11-09 12:00:03
1000,2018-11-09 14:00:10,0,2018-11-09 13:00:03
1001,2018-11-09 15:00:06,0,2018-11-09 14:00:10
1002,2018-11-09 16:00:04,0,2018-11-09 15:00:06
1003,2018-11-09 17:00:04,0,2018-11-09 16:00:04
1004,2018-11-09 18:00:03,0,2018-11-09 17:00:04
1005,2018-11-09 19:00:04,0,2018-11-09 18:00:03
1006,2018-11-09 20:00:03,0,2018-11-09 19:00:04
1007,2018-11-09 21:00:07,0,2018-11-09 20:00:03
1008,2018-11-09 22:00:06,0,2018-11-09 21:00:07
1009,2018-11-09 23:00:19,0,2018-11-09 22:00:06
1010,2018-11-10 00:00:03,0,2018-11-09 23:00:19
1011,2018-11-10 01:00:10,0,2018-11-10 00:00:03
1012,2018-11-10 02:00:03,0,2018-11-10 01:00:10
1013,2018-11-10 03:00:03,0,2018-11-10 02:00:03
1014,2018-11-10 04:00:09,0,2018-11-10 03:00:03
1015,2018-11-10 05:00:07,0,2018-11-10 04:00:09
1016,2018-11-10 06:00:07,0,2018-11-10 05:00:07
1017,2018-11-10 07:00:04,0,2018-11-10 06:00:07
1018,2018-11-10 08:00:03,0,2018-11-10 07:00:04
1019,2018-11-10 09:00:06,0,2018-11-10 08:00:03
1020,2018-11-10 10:00:04,0,2018-11-10 09:00:06
1021,2018-11-10 11:00:12,0,2018-11-10 10:00:04
1022,2018-11-10 12:00:07,0,2018-11-10 11:00:12
1023,2018-11-10 13:00:06,0,2018-11-10 12:00:07
1024,2018-11-10 14:00:07,0,2018-11-10 13:00:06
1025,2018-11-10 15:00:07,0,2018-11-10 14:00:07
1026,2018-11-10 16:00:06,0,2018-11-10 15:00:07
1027,2018-11-10 17:00:16,0,2018-11-10 16:00:06
1028,2018-11-10 18:00:03,0,2018-11-10 17:00:16
1029,2018-11-10 19:00:05,0,2018-11-10 18:00:03
1030,2018-11-10 20:00:15,0,2018-11-10 19:00:05
1031,2018-11-10 21:00:07,0,2018-11-10 20:00:15
1032,2018-11-10 22:00:03,0,2018-11-10 21:00:07
1033,2018-11-10 23:00:03,0,2018-11-10 22:00:03
1034,2018-11-11 00:00:03,0,2018-11-10 23:00:03
1035,2018-11-11 01:00:08,0,2018-11-11 00:00:03
1036,2018-11-11 02:00:03,0,2018-11-11 01:00:08
1037,2018-11-11 03:00:17,0,2018-11-11 02:00:03
1038,2018-11-11 04:00:07,0,2018-11-11 03:00:17
1039,2018-11-11 05:00:03,0,2018-11-11 04:00:07
1040,2018-11-11 06:00:03,0,2018-11-11 05:00:03
1041,2018-11-11 07:00:06,0,2018-11-11 06:00:03
1042,2018-11-11 08:00:03,0,2018-11-11 07:00:06
1043,2018-11-11 09:00:03,0,2018-11-11 08:00:03
1044,2018-11-11 10:00:06,0,2018-11-11 09:00:03
1045,2018-11-11 11:00:03,0,2018-11-11 10:00:06
1046,2018-11-11 12:00:03,0,2018-11-11 11:00:03
1047,2018-11-11 13:00:03,0,2018-11-11 12:00:03
1048,2018-11-11 14:00:06,0,2018-11-11 13:00:03
1049,2018-11-11 15:00:06,0,2018-11-11 14:00:06
1050,2018-11-11 16:00:37,0,2018-11-11 15:00:06
1051,2018-11-11 17:00:06,0,2018-11-11 16:00:37
1052,2018-11-11 18:00:08,0,2018-11-11 17:00:06
1053,2018-11-11 19:00:05,0,2018-11-11 18:00:08
1054,2018-11-11 20:00:13,0,2018-11-11 19:00:05
1055,2018-11-11 21:00:13,0,2018-11-11 20:00:13
1056,2018-11-11 22:00:08,0,2018-11-11 21:00:13
1057,2018-11-11 23:00:18,0,2018-11-11 22:00:08
1058,2018-11-12 00:00:06,0,2018-11-11 23:00:18
1059,2018-11-12 01:00:19,0,2018-11-12 00:00:06
1060,2018-11-12 02:00:10,0,2018-11-12 01:00:19
1061,2018-11-12 03:00:06,0,2018-11-12 02:00:10
1062,2018-11-12 04:00:02,0,2018-11-12 03:00:06
1063,2018-11-12 05:00:06,0,2018-11-12 04:00:02
1064,2018-11-12 06:00:10,0,2018-11-12 05:00:06
1065,2018-11-12 07:00:04,0,2018-11-12 06:00:10
1066,2018-11-12 08:00:03,0,2018-11-12 07:00:04
1067,2018-11-12 09:00:04,0,2018-11-12 08:00:03
1068,2018-11-12 10:00:04,0,2018-11-12 09:00:04
1069,2018-11-12 11:00:07,0,2018-11-12 10:00:04
1070,2018-11-12 12:00:10,0,2018-11-12 11:00:07
1071,2018-11-12 13:00:09,0,2018-11-12 12:00:10
1072,2018-11-12 14:00:00,0,2018-11-12 13:00:09
1073,2018-11-12 15:00:04,0,2018-11-12 14:00:00
1074,2018-11-12 16:00:35,0,2018-11-12 15:00:04
1075,2018-11-12 17:04:54,0,2018-11-12 16:00:35
1076,2018-11-12 18:00:03,0,2018-11-12 17:04:54
1077,2018-11-12 19:00:04,0,2018-11-12 18:00:03
1078,2018-11-12 20:00:15,0,2018-11-12 19:00:04
1079,2018-11-12 21:00:06,0,2018-11-12 20:00:15
1080,2018-11-12 22:03:11,0,2018-11-12 21:00:06
1081,2018-11-12 23:00:28,0,2018-11-12 22:03:11
1082,2018-11-13 00:00:08,0,2018-11-12 23:00:28
1083,2018-11-13 01:00:11,0,2018-11-13 00:00:08
1084,2018-11-13 02:17:41,0,2018-11-13 01:00:11
1085,2018-11-13 03:00:19,0,2018-11-13 02:17:41
1086,2018-11-13 04:00:10,0,2018-11-13 03:00:19
1087,2018-11-13 05:00:09,0,2018-11-13 04:00:10
1088,2018-11-13 06:00:04,0,2018-11-13 05:00:09
1089,2018-11-13 07:00:03,0,2018-11-13 06:00:04
1090,2018-11-13 08:00:03,0,2018-11-13 07:00:03
1091,2018-11-13 09:00:08,0,2018-11-13 08:00:03
1092,2018-11-13 10:01:01,0,2018-11-13 09:00:08
1093,2018-11-13 11:00:07,0,2018-11-13 10:01:01
1094,2018-11-13 12:00:06,0,2018-11-13 11:00:07
1095,2018-11-13 13:05:32,0,2018-11-13 12:00:06
1096,2018-11-13 14:00:10,0,2018-11-13 13:05:32
1097,2018-11-13 15:01:25,0,2018-11-13 14:00:10
1098,2018-11-13 16:00:04,0,2018-11-13 15:01:25
1099,2018-11-13 17:00:09,0,2018-11-13 16:00:04
1100,2018-11-13 18:08:46,0,2018-11-13 17:00:09
1101,2018-11-13 19:00:04,0,2018-11-13 18:08:46
1102,2018-11-13 20:00:03,0,2018-11-13 19:00:04
1103,2018-11-13 21:00:03,0,2018-11-13 20:00:03
1104,2018-11-13 22:00:03,0,2018-11-13 21:00:03
1105,2018-11-13 23:00:03,0,2018-11-13 22:00:03
1106,2018-11-14 00:00:15,0,2018-11-13 23:00:03
1107,2018-11-14 01:00:04,0,2018-11-14 00:00:15
1108,2018-11-14 02:00:04,0,2018-11-14 01:00:04
1109,2018-11-14 03:00:16,0,2018-11-14 02:00:04
1110,2018-11-14 04:00:04,0,2018-11-14 03:00:16
1111,2018-11-14 05:00:04,0,2018-11-14 04:00:04
1112,2018-11-14 06:00:03,0,2018-11-14 05:00:04
1113,2018-11-14 07:00:05,0,2018-11-14 06:00:03
1114,2018-11-14 08:00:04,320,2018-11-14 07:00:05
1115,2018-11-14 09:00:04,4,2018-11-14 08:00:04
1116,2018-11-14 10:00:04,0,2018-11-14 09:00:04
1117,2018-11-14 11:00:03,0,2018-11-14 10:00:04
1118,2018-11-14 12:05:29,0,2018-11-14 11:00:03
1119,2018-11-14 13:00:04,0,2018-11-14 12:05:29
1120,2018-11-14 14:00:05,0,2018-11-14 13:00:04
1121,2018-11-14 15:00:03,13,2018-11-14 14:00:05
1122,2018-11-14 16:00:03,0,2018-11-14 15:00:03
1123,2018-11-14 17:00:45,0,2018-11-14 16:00:03
1124,2018-11-14 18:00:04,0,2018-11-14 17:00:45
1125,2018-11-14 19:00:03,0,2018-11-14 18:00:04
1126,2018-11-14 20:00:03,0,2018-11-14 19:00:03
1127,2018-11-14 21:00:03,0,2018-11-14 20:00:03
1128,2018-11-14 22:00:03,0,2018-11-14 21:00:03
1129,2018-11-14 23:00:04,0,2018-11-14 22:00:03
1130,2018-11-15 00:00:03,0,2018-11-14 23:00:04
1131,2018-11-15 01:03:02,0,2018-11-15 00:00:03
1132,2018-11-15 02:00:04,0,2018-11-15 01:03:02
1133,2018-11-15 03:00:05,0,2018-11-15 02:00:04
1134,2018-11-15 04:00:03,0,2018-11-15 03:00:05
1135,2018-11-15 05:00:04,0,2018-11-15 04:00:03
1136,2018-11-15 06:00:03,0,2018-11-15 05:00:04
1137,2018-11-15 07:00:04,0,2018-11-15 06:00:03
1138,2018-11-15 08:00:07,0,2018-11-15 07:00:04
1139,2018-11-15 09:03:14,0,2018-11-15 08:00:07
1140,2018-11-15 10:00:07,0,2018-11-15 09:03:14
1141,2018-11-15 11:01:05,0,2018-11-15 10:00:07
1142,2018-11-15 12:00:07,0,2018-11-15 11:01:05
1143,2018-11-15 13:00:03,0,2018-11-15 12:00:07
1144,2018-11-15 14:00:12,0,2018-11-15 13:00:03
1145,2018-11-15 15:00:04,0,2018-11-15 14:00:12
1146,2018-11-15 16:01:14,0,2018-11-15 15:00:04
1147,2018-11-15 17:00:03,0,2018-11-15 16:01:14
1148,2018-11-15 18:00:07,0,2018-11-15 17:00:03
1149,2018-11-15 19:00:03,0,2018-11-15 18:00:07
1150,2018-11-15 20:00:03,0,2018-11-15 19:00:03
1151,2018-11-15 21:00:06,0,2018-11-15 20:00:03
1152,2018-11-15 22:06:44,0,2018-11-15 21:00:06
1153,2018-11-15 23:00:03,0,2018-11-15 22:06:44
1154,2018-11-16 00:00:03,0,2018-11-15 23:00:03
1155,2018-11-16 01:00:06,0,2018-11-16 00:00:03
1156,2018-11-16 02:00:10,0,2018-11-16 01:00:06
1157,2018-11-16 03:00:06,0,2018-11-16 02:00:10
1158,2018-11-16 04:00:07,0,2018-11-16 03:00:06
1159,2018-11-16 05:00:13,0,2018-11-16 04:00:07
1160,2018-11-16 06:00:04,0,2018-11-16 05:00:13
1161,2018-11-16 07:00:03,0,2018-11-16 06:00:04
1162,2018-11-16 08:00:03,0,2018-11-16 07:00:03
1163,2018-11-16 09:00:03,0,2018-11-16 08:00:03
1164,2018-11-16 10:00:03,0,2018-11-16 09:00:03
1165,2018-11-16 11:00:03,0,2018-11-16 10:00:03
1166,2018-11-16 12:00:03,0,2018-11-16 11:00:03
1167,2018-11-16 13:00:37,0,2018-11-16 12:00:03
1168,2018-11-16 14:00:04,0,2018-11-16 13:00:37
1169,2018-11-16 15:00:03,0,2018-11-16 14:00:04
1170,2018-11-16 16:00:04,0,2018-11-16 15:00:03
1171,2018-11-16 17:00:04,0,2018-11-16 16:00:04
1172,2018-11-16 18:00:04,0,2018-11-16 17:00:04
1173,2018-11-16 19:00:07,0,2018-11-16 18:00:04
1174,2018-11-16 20:00:03,0,2018-11-16 19:00:07
1175,2018-11-16 21:00:03,0,2018-11-16 20:00:03
1176,2018-11-16 22:00:03,0,2018-11-16 21:00:03
1177,2018-11-16 23:00:03,0,2018-11-16 22:00:03
1178,2018-11-17 00:00:03,0,2018-11-16 23:00:03
1179,2018-11-17 01:00:05,0,2018-11-17 00:00:03
1180,2018-11-17 02:00:04,0,2018-11-17 01:00:05
1181,2018-11-17 03:00:03,0,2018-11-17 02:00:04
1182,2018-11-17 04:00:03,0,2018-11-17 03:00:03
1183,2018-11-17 05:00:04,0,2018-11-17 04:00:03
1184,2018-11-17 06:00:03,0,2018-11-17 05:00:04
1185,2018-11-17 07:00:04,0,2018-11-17 06:00:03
1186,2018-11-17 08:00:05,0,2018-11-17 07:00:04
1187,2018-11-17 09:00:06,0,2018-11-17 08:00:05
1188,2018-11-17 10:00:04,0,2018-11-17 09:00:06
1189,2018-11-17 11:00:03,0,2018-11-17 10:00:04
1190,2018-11-17 12:00:11,0,2018-11-17 11:00:03
1191,2018-11-17 13:00:03,0,2018-11-17 12:00:11
1192,2018-11-17 14:00:10,0,2018-11-17 13:00:03
1193,2018-11-17 15:00:08,0,2018-11-17 14:00:10
1194,2018-11-17 16:00:03,0,2018-11-17 15:00:08
1195,2018-11-17 17:00:09,0,2018-11-17 16:00:03
1196,2018-11-17 18:00:10,0,2018-11-17 17:00:09
1197,2018-11-17 19:00:04,0,2018-11-17 18:00:10
1198,2018-11-17 20:00:09,0,2018-11-17 19:00:04
1199,2018-11-17 21:00:09,0,2018-11-17 20:00:09
1200,2018-11-17 22:00:03,0,2018-11-17 21:00:09
1201,2018-11-17 23:00:04,0,2018-11-17 22:00:03
1202,2018-11-18 00:00:07,0,2018-11-17 23:00:04
1203,2018-11-18 01:00:05,0,2018-11-18 00:00:07
1204,2018-11-18 02:00:06,0,2018-11-18 01:00:05
1205,2018-11-18 03:00:06,0,2018-11-18 02:00:06
1206,2018-11-18 04:00:04,0,2018-11-18 03:00:06
1207,2018-11-18 05:00:11,0,2018-11-18 04:00:04
1208,2018-11-18 06:00:05,0,2018-11-18 05:00:11
1209,2018-11-18 07:00:03,0,2018-11-18 06:00:05
1210,2018-11-18 08:00:04,0,2018-11-18 07:00:03
1211,2018-11-18 09:00:05,0,2018-11-18 08:00:04
1212,2018-11-18 10:00:03,0,2018-11-18 09:00:05
1213,2018-11-18 11:00:03,0,2018-11-18 10:00:03
1214,2018-11-18 12:00:03,0,2018-11-18 11:00:03
1215,2018-11-18 13:00:03,0,2018-11-18 12:00:03
1216,2018-11-18 14:00:08,0,2018-11-18 13:00:03
1217,2018-11-18 15:00:04,0,2018-11-18 14:00:08
1218,2018-11-18 16:00:03,0,2018-11-18 15:00:04
1219,2018-11-18 17:00:04,0,2018-11-18 16:00:03
1220,2018-11-18 18:00:04,0,2018-11-18 17:00:04
1221,2018-11-18 19:00:04,0,2018-11-18 18:00:04
1222,2018-11-18 20:00:04,0,2018-11-18 19:00:04
1223,2018-11-18 21:00:04,0,2018-11-18 20:00:04
1224,2018-11-18 22:00:04,0,2018-11-18 21:00:04
1225,2018-11-18 23:00:06,0,2018-11-18 22:00:04
1226,2018-11-19 00:00:03,0,2018-11-18 23:00:06
1227,2018-11-19 01:00:04,0,2018-11-19 00:00:03
1228,2018-11-19 02:00:04,0,2018-11-19 01:00:04
1229,2018-11-19 03:00:03,0,2018-11-19 02:00:04
1230,2018-11-19 04:00:03,0,2018-11-19 03:00:03
1231,2018-11-19 05:00:05,0,2018-11-19 04:00:03
1232,2018-11-19 06:00:03,0,2018-11-19 05:00:05
1233,2018-11-19 07:00:03,0,2018-11-19 06:00:03
1234,2018-11-19 08:00:03,0,2018-11-19 07:00:03
1235,2018-11-19 09:00:03,0,2018-11-19 08:00:03
1236,2018-11-19 10:00:09,0,2018-11-19 09:00:03
1237,2018-11-19 11:00:04,0,2018-11-19 10:00:09
1238,2018-11-19 12:00:04,0,2018-11-19 11:00:04
1239,2018-11-19 13:00:13,0,2018-11-19 12:00:04
1240,2018-11-19 14:00:04,0,2018-11-19 13:00:13
1241,2018-11-19 15:00:07,0,2018-11-19 14:00:04
1242,2018-11-19 16:00:09,0,2018-11-19 15:00:07
1243,2018-11-19 17:00:11,0,2018-11-19 16:00:09
1244,2018-11-19 18:00:07,0,2018-11-19 17:00:11
1245,2018-11-19 19:00:03,0,2018-11-19 18:00:07
1246,2018-11-19 20:02:29,0,2018-11-19 19:00:03
1247,2018-11-19 21:00:03,166,2018-11-19 20:02:29
1248,2018-11-19 22:00:03,622,2018-11-19 21:00:03
1249,2018-11-19 23:00:03,600,2018-11-19 22:00:03
1250,2018-11-20 00:00:04,561,2018-11-19 23:00:03
1251,2018-11-20 01:00:03,137,2018-11-20 00:00:04
1252,2018-11-20 02:01:19,0,2018-11-20 01:00:03
1253,2018-11-20 03:00:04,0,2018-11-20 02:01:19
1254,2018-11-20 04:00:04,0,2018-11-20 03:00:04
1255,2018-11-20 05:00:03,0,2018-11-20 04:00:04
1256,2018-11-20 06:00:04,0,2018-11-20 05:00:03
1257,2018-11-20 07:00:03,0,2018-11-20 06:00:04
1258,2018-11-20 08:00:03,0,2018-11-20 07:00:03
1259,2018-11-20 09:00:03,0,2018-11-20 08:00:03
1260,2018-11-20 10:00:05,0,2018-11-20 09:00:03
1261,2018-11-20 11:00:10,0,2018-11-20 10:00:05
1262,2018-11-20 12:00:25,0,2018-11-20 11:00:10
1263,2018-11-20 13:00:09,0,2018-11-20 12:00:25
1264,2018-11-20 14:00:07,0,2018-11-20 13:00:09
1265,2018-11-20 15:00:09,0,2018-11-20 14:00:07
1266,2018-11-20 16:00:03,0,2018-11-20 15:00:09
1267,2018-11-20 17:00:03,0,2018-11-20 16:00:03
1268,2018-11-20 18:00:04,0,2018-11-20 17:00:03
1269,2018-11-20 19:00:03,0,2018-11-20 18:00:04
1270,2018-11-20 20:00:03,0,2018-11-20 19:00:03
1271,2018-11-20 21:00:04,0,2018-11-20 20:00:03
1272,2018-11-20 22:00:03,0,2018-11-20 21:00:04
1273,2018-11-20 23:00:45,0,2018-11-20 22:00:03
1274,2018-11-21 00:00:03,0,2018-11-20 23:00:45
1275,2018-11-21 01:00:03,0,2018-11-21 00:00:03
1276,2018-11-21 02:00:10,0,2018-11-21 01:00:03
1277,2018-11-21 03:00:03,0,2018-11-21 02:00:10
1278,2018-11-21 04:00:03,0,2018-11-21 03:00:03
1279,2018-11-21 05:00:03,313,2018-11-21 04:00:03
1280,2018-11-21 06:00:03,544,2018-11-21 05:00:03
1281,2018-11-21 07:20:29,0,2018-11-21 06:00:03
1282,2018-11-21 08:00:03,0,2018-11-21 07:20:29
1283,2018-11-21 09:00:03,0,2018-11-21 08:00:03
1284,2018-11-21 10:00:04,0,2018-11-21 09:00:03
1285,2018-11-21 11:00:03,0,2018-11-21 10:00:04
1286,2018-11-21 12:00:04,0,2018-11-21 11:00:03
1287,2018-11-21 13:00:56,0,2018-11-21 12:00:04
1288,2018-11-21 14:00:00,0,2018-11-21 13:00:56
1289,2018-11-21 15:00:04,0,2018-11-21 14:00:00
1290,2018-11-21 16:00:03,0,2018-11-21 15:00:04
1291,2018-11-21 17:00:03,0,2018-11-21 16:00:03
1292,2018-11-21 18:00:06,0,2018-11-21 17:00:03
1293,2018-11-21 19:00:06,0,2018-11-21 18:00:06
1294,2018-11-21 20:00:07,174,2018-11-21 19:00:06
1295,2018-11-21 21:00:04,454,2018-11-21 20:00:07
1296,2018-11-21 22:00:05,507,2018-11-21 21:00:04
1297,2018-11-21 23:00:03,568,2018-11-21 22:00:05
1298,2018-11-22 00:00:03,532,2018-11-21 23:00:03
1299,2018-11-22 01:00:14,171,2018-11-22 00:00:03
1300,2018-11-22 02:00:03,1,2018-11-22 01:00:14
1301,2018-11-22 03:00:03,0,2018-11-22 02:00:03
1302,2018-11-22 04:00:03,0,2018-11-22 03:00:03
1303,2018-11-22 05:00:03,0,2018-11-22 04:00:03
1304,2018-11-22 06:00:03,0,2018-11-22 05:00:03
1305,2018-11-22 07:00:04,0,2018-11-22 06:00:03
1306,2018-11-22 08:00:04,36,2018-11-22 07:00:04
1307,2018-11-22 09:00:08,0,2018-11-22 08:00:04
1308,2018-11-22 10:00:04,0,2018-11-22 09:00:08
1309,2018-11-22 11:00:04,0,2018-11-22 10:00:04
1310,2018-11-22 12:00:03,0,2018-11-22 11:00:04
1311,2018-11-22 13:00:04,0,2018-11-22 12:00:03
1312,2018-11-22 14:00:03,0,2018-11-22 13:00:04
1313,2018-11-22 15:00:04,0,2018-11-22 14:00:03
1314,2018-11-22 16:00:03,320,2018-11-22 15:00:04
1315,2018-11-22 17:00:04,498,2018-11-22 16:00:03
1316,2018-11-22 18:00:03,449,2018-11-22 17:00:04
1317,2018-11-22 19:00:03,454,2018-11-22 18:00:03
1318,2018-11-22 20:00:11,457,2018-11-22 19:00:03
1319,2018-11-22 21:00:03,416,2018-11-22 20:00:11
1320,2018-11-22 22:00:03,431,2018-11-22 21:00:03
1321,2018-11-22 23:00:03,307,2018-11-22 22:00:03
1322,2018-11-23 00:00:03,2,2018-11-22 23:00:03
1323,2018-11-23 01:00:03,0,2018-11-23 00:00:03
1324,2018-11-23 02:00:03,0,2018-11-23 01:00:03
1325,2018-11-23 03:00:03,0,2018-11-23 02:00:03
1326,2018-11-23 04:00:03,0,2018-11-23 03:00:03
1327,2018-11-23 05:00:03,0,2018-11-23 04:00:03
1328,2018-11-23 06:00:03,0,2018-11-23 05:00:03
1329,2018-11-23 07:00:03,1,2018-11-23 06:00:03
1330,2018-11-23 08:00:03,0,2018-11-23 07:00:03
1331,2018-11-23 09:00:04,0,2018-11-23 08:00:03
1332,2018-11-23 10:00:03,0,2018-11-23 09:00:04
1333,2018-11-23 11:00:03,0,2018-11-23 10:00:03
1334,2018-11-23 12:00:03,0,2018-11-23 11:00:03
1335,2018-11-23 13:00:04,0,2018-11-23 12:00:03
1336,2018-11-23 14:00:03,0,2018-11-23 13:00:04
1337,2018-11-23 15:00:03,143,2018-11-23 14:00:03
1338,2018-11-23 16:00:03,498,2018-11-23 15:00:03
1339,2018-11-23 17:00:03,580,2018-11-23 16:00:03
1340,2018-11-23 18:00:04,616,2018-11-23 17:00:03
1341,2018-11-23 19:00:04,640,2018-11-23 18:00:04
1342,2018-11-23 20:00:03,631,2018-11-23 19:00:04
1343,2018-11-23 21:00:04,614,2018-11-23 20:00:03
1344,2018-11-23 22:00:04,594,2018-11-23 21:00:04
1345,2018-11-23 23:00:04,571,2018-11-23 22:00:04
1346,2018-11-24 00:00:04,562,2018-11-23 23:00:04
1347,2018-11-24 01:00:04,495,2018-11-24 00:00:04
1348,2018-11-24 02:00:04,0,2018-11-24 01:00:04
1349,2018-11-24 03:00:04,0,2018-11-24 02:00:04
1350,2018-11-24 04:00:03,0,2018-11-24 03:00:04
1351,2018-11-24 05:00:03,174,2018-11-24 04:00:03
1352,2018-11-24 06:00:03,287,2018-11-24 05:00:03
1353,2018-11-24 07:00:03,275,2018-11-24 06:00:03
1354,2018-11-24 08:00:04,432,2018-11-24 07:00:03
1355,2018-11-24 09:00:03,452,2018-11-24 08:00:04
1356,2018-11-24 10:00:03,399,2018-11-24 09:00:03
1357,2018-11-24 11:00:54,568,2018-11-24 10:00:03
1358,2018-11-24 12:00:03,568,2018-11-24 11:00:54
1359,2018-11-24 13:00:03,590,2018-11-24 12:00:03
1360,2018-11-24 14:00:04,607,2018-11-24 13:00:03
1361,2018-11-24 15:00:03,543,2018-11-24 14:00:04
1362,2018-11-24 16:00:17,580,2018-11-24 15:00:03
1363,2018-11-24 17:00:08,533,2018-11-24 16:00:17
1364,2018-11-24 18:00:04,0,2018-11-24 17:00:08
1365,2018-11-24 19:00:20,0,2018-11-24 18:00:04
1366,2018-11-24 20:00:03,0,2018-11-24 19:00:20
1367,2018-11-24 21:00:04,0,2018-11-24 20:00:03
1368,2018-11-24 22:00:03,0,2018-11-24 21:00:04
1369,2018-11-24 23:00:03,0,2018-11-24 22:00:03
1370,2018-11-25 00:00:04,0,2018-11-24 23:00:03
1371,2018-11-25 01:00:03,0,2018-11-25 00:00:04
1372,2018-11-25 02:00:04,0,2018-11-25 01:00:03
1373,2018-11-25 03:00:03,0,2018-11-25 02:00:04
1374,2018-11-25 04:00:03,0,2018-11-25 03:00:03
1375,2018-11-25 05:00:04,387,2018-11-25 04:00:03
1376,2018-11-25 06:00:04,555,2018-11-25 05:00:04
1377,2018-11-25 07:00:04,2,2018-11-25 06:00:04
1378,2018-11-25 08:00:03,81,2018-11-25 07:00:04
1379,2018-11-25 09:00:06,387,2018-11-25 08:00:03
1380,2018-11-25 10:00:05,582,2018-11-25 09:00:06
1381,2018-11-25 11:00:03,579,2018-11-25 10:00:05
1382,2018-11-25 12:00:03,640,2018-11-25 11:00:03
1383,2018-11-25 13:00:03,611,2018-11-25 12:00:03
1384,2018-11-25 14:00:03,627,2018-11-25 13:00:03
1385,2018-11-25 15:00:03,610,2018-11-25 14:00:03
1386,2018-11-25 16:00:03,606,2018-11-25 15:00:03
1387,2018-11-25 17:00:04,357,2018-11-25 16:00:03
1388,2018-11-25 18:00:03,0,2018-11-25 17:00:04
1389,2018-11-25 19:00:03,0,2018-11-25 18:00:03
1390,2018-11-25 20:00:04,0,2018-11-25 19:00:03
1391,2018-11-25 21:00:04,0,2018-11-25 20:00:04
1392,2018-11-25 22:00:42,0,2018-11-25 21:00:04
1393,2018-11-25 23:00:04,0,2018-11-25 22:00:42
1394,2018-11-26 00:00:04,0,2018-11-25 23:00:04
1395,2018-11-26 01:00:04,0,2018-11-26 00:00:04
1396,2018-11-26 02:00:03,0,2018-11-26 01:00:04
1397,2018-11-26 03:00:04,0,2018-11-26 02:00:03
1398,2018-11-26 04:00:04,0,2018-11-26 03:00:04
1399,2018-11-26 05:00:03,0,2018-11-26 04:00:04
1400,2018-11-26 06:00:03,0,2018-11-26 05:00:03
1401,2018-11-26 07:00:03,0,2018-11-26 06:00:03
1402,2018-11-26 08:00:03,0,2018-11-26 07:00:03
1403,2018-11-26 09:00:03,0,2018-11-26 08:00:03
1404,2018-11-26 10:00:03,0,2018-11-26 09:00:03
1405,2018-11-26 11:00:03,0,2018-11-26 10:00:03
1406,2018-11-26 12:00:03,0,2018-11-26 11:00:03
1407,2018-11-26 13:00:04,0,2018-11-26 12:00:03
1408,2018-11-26 14:00:04,0,2018-11-26 13:00:04
1409,2018-11-26 15:00:04,0,2018-11-26 14:00:04
1410,2018-11-26 16:00:04,0,2018-11-26 15:00:04
1411,2018-11-26 17:00:04,0,2018-11-26 16:00:04
1412,2018-11-26 18:00:04,0,2018-11-26 17:00:04
1413,2018-11-26 19:00:04,0,2018-11-26 18:00:04
1414,2018-11-26 20:00:04,0,2018-11-26 19:00:04
1415,2018-11-26 21:00:04,0,2018-11-26 20:00:04
1416,2018-11-26 22:00:04,0,2018-11-26 21:00:04
1417,2018-11-26 23:00:03,0,2018-11-26 22:00:04
1418,2018-11-27 00:00:03,0,2018-11-26 23:00:03
1419,2018-11-27 01:00:03,0,2018-11-27 00:00:03
1420,2018-11-27 02:00:03,0,2018-11-27 01:00:03
1421,2018-11-27 03:00:03,0,2018-11-27 02:00:03
1422,2018-11-27 04:00:03,0,2018-11-27 03:00:03
1423,2018-11-27 05:00:03,0,2018-11-27 04:00:03
1424,2018-11-27 06:00:04,0,2018-11-27 05:00:03
1425,2018-11-27 07:00:05,0,2018-11-27 06:00:04
1426,2018-11-27 08:00:08,0,2018-11-27 07:00:05
1427,2018-11-27 09:00:09,0,2018-11-27 08:00:08
1428,2018-11-27 10:00:04,0,2018-11-27 09:00:09
1429,2018-11-27 11:00:04,0,2018-11-27 10:00:04
1430,2018-11-27 12:00:03,0,2018-11-27 11:00:04
1431,2018-11-27 13:00:04,0,2018-11-27 12:00:03
1432,2018-11-27 14:15:30,0,2018-11-27 13:00:04
1433,2018-11-27 15:01:00,0,2018-11-27 14:15:30
1434,2018-11-27 16:00:03,0,2018-11-27 15:01:00
1435,2018-11-27 17:00:04,0,2018-11-27 16:00:03
1436,2018-11-27 18:00:03,0,2018-11-27 17:00:04
1437,2018-11-27 19:00:03,0,2018-11-27 18:00:03
1438,2018-11-27 20:00:03,0,2018-11-27 19:00:03
1439,2018-11-27 21:00:04,0,2018-11-27 20:00:03
1440,2018-11-27 22:00:03,0,2018-11-27 21:00:04
1441,2018-11-27 23:00:07,0,2018-11-27 22:00:03
1442,2018-11-28 00:00:03,0,2018-11-27 23:00:07
1443,2018-11-28 01:00:03,389,2018-11-28 00:00:03
1444,2018-11-28 02:00:04,339,2018-11-28 01:00:03
1445,2018-11-28 03:00:04,389,2018-11-28 02:00:04
1446,2018-11-28 04:00:03,353,2018-11-28 03:00:04
1447,2018-11-28 05:00:04,324,2018-11-28 04:00:03
1448,2018-11-28 06:00:04,347,2018-11-28 05:00:04
1449,2018-11-28 07:00:04,503,2018-11-28 06:00:04
1450,2018-11-28 08:00:03,441,2018-11-28 07:00:04
1451,2018-11-28 09:00:04,480,2018-11-28 08:00:03
1452,2018-11-28 10:00:52,591,2018-11-28 09:00:04
1453,2018-11-28 11:00:03,478,2018-11-28 10:00:52
1454,2018-11-28 12:00:03,0,2018-11-28 11:00:03
1455,2018-11-28 13:00:03,0,2018-11-28 12:00:03
1456,2018-11-28 14:00:04,53,2018-11-28 13:00:03
1457,2018-11-28 15:00:04,0,2018-11-28 14:00:04
1458,2018-11-28 16:00:03,0,2018-11-28 15:00:04
1459,2018-11-28 17:00:04,0,2018-11-28 16:00:03
1460,2018-11-28 18:00:04,0,2018-11-28 17:00:04
1461,2018-11-28 19:00:03,0,2018-11-28 18:00:04
1462,2018-11-28 20:00:04,0,2018-11-28 19:00:03
1463,2018-11-28 21:00:04,364,2018-11-28 20:00:04
1464,2018-11-28 22:00:04,434,2018-11-28 21:00:04
1465,2018-11-28 23:00:04,509,2018-11-28 22:00:04
1466,2018-11-29 00:00:04,548,2018-11-28 23:00:04
1467,2018-11-29 01:00:04,543,2018-11-29 00:00:04
1468,2018-11-29 02:00:04,489,2018-11-29 01:00:04
1469,2018-11-29 03:00:03,590,2018-11-29 02:00:04
1470,2018-11-29 04:00:03,557,2018-11-29 03:00:03
1471,2018-11-29 05:00:03,639,2018-11-29 04:00:03
1472,2018-11-29 06:00:03,611,2018-11-29 05:00:03
1473,2018-11-29 07:00:04,607,2018-11-29 06:00:03
1474,2018-11-29 08:00:09,422,2018-11-29 07:00:04
1475,2018-11-29 09:00:36,1,2018-11-29 08:00:09
1476,2018-11-29 10:00:04,49,2018-11-29 09:00:36
1477,2018-11-29 11:00:04,0,2018-11-29 10:00:04
1478,2018-11-29 12:00:04,0,2018-11-29 11:00:04
1479,2018-11-29 13:00:03,0,2018-11-29 12:00:04
1480,2018-11-29 14:00:04,0,2018-11-29 13:00:03
1481,2018-11-29 15:00:04,0,2018-11-29 14:00:04
1482,2018-11-29 16:00:04,27,2018-11-29 15:00:04
1483,2018-11-29 17:00:04,560,2018-11-29 16:00:04
1484,2018-11-29 18:00:04,652,2018-11-29 17:00:04
1485,2018-11-29 19:00:09,606,2018-11-29 18:00:04
1486,2018-11-29 20:00:03,610,2018-11-29 19:00:09
